sl,si,lum,massratio,lumratio,radiusratio,temp,ci,absmag,bcorr,bmag,r,g,b
O,0,Ia0,160,3.41E+07,8.02E+01,50000,-0.35,-9.5,-4.58,-14.08,0.564705882,0.650980392,1
O,0,Ia,150,2.59E+06,2.21E+01,50000,-0.35,-6.7,-4.58,-11.28,0.564705882,0.650980392,1
O,0,Ib,140,2.15E+06,2.02E+01,50000,-0.35,-6.5,-4.58,-11.08,0.564705882,0.650980392,1
O,0,II,130,2.15E+06,2.02E+01,50000,-0.35,-6.5,-4.58,-11.08,0.564705882,0.650980392,1
O,0,III,120,2.15E+06,2.02E+01,50000,-0.35,-6.5,-4.58,-11.08,0.564705882,0.650980392,1
O,0,IV,110,1.36E+06,1.60E+01,50000,-0.35,-6,-4.58,-10.58,0.564705882,0.650980392,1
O,0,V,100,1.24E+06,1.53E+01,50000,-0.35,-5.9,-4.58,-10.48,0.564705882,0.650980392,1
O,0,VI,60,9.40E+05,1.33E+01,50000,-0.35,-5.6,-4.58,-10.18,0.564705882,0.650980392,1
O,1,Ia0,159.7,2.71E+07,7.88E+01,47600,-0.35,-9.4,-4.43,-13.83,0.57254902,0.658823529,1
O,1,Ia,149.3,2.25E+06,2.27E+01,47600,-0.35,-6.7,-4.43,-11.13,0.57254902,0.658823529,1
O,1,Ib,139,1.87E+06,2.07E+01,47600,-0.35,-6.5,-4.43,-10.93,0.57254902,0.658823529,1
O,1,II,128.6,1.73E+06,1.98E+01,47800,-0.35,-6.4,-4.44,-10.84,0.57254902,0.658823529,1
O,1,III,118.2,1.58E+06,1.89E+01,47800,-0.35,-6.3,-4.44,-10.74,0.57254902,0.658823529,1
O,1,IV,107.9,1.09E+06,1.57E+01,47800,-0.35,-5.9,-4.44,-10.34,0.568627451,0.654901961,1
O,1,V,97.5,9.94E+05,1.50E+01,47800,-0.35,-5.8,-4.44,-10.24,0.57254902,0.658823529,1
O,1,VI,37,7.54E+05,1.31E+01,47800,-0.35,-5.5,-4.44,-9.94,0.57254902,0.658823529,1
O,2,Ia0,159.4,2.14E+07,7.77E+01,45200,-0.35,-9.3,-4.28,-13.58,0.580392157,0.666666667,1
O,2,Ia,148.6,2.14E+06,2.46E+01,45200,-0.35,-6.8,-4.28,-11.08,0.580392157,0.666666667,1
O,2,Ib,137.9,1.62E+06,2.14E+01,45200,-0.35,-6.5,-4.28,-10.78,0.580392157,0.666666667,1
O,2,II,127.2,1.52E+06,2.03E+01,45600,-0.35,-6.4,-4.3,-10.7,0.580392157,0.666666667,1
O,2,III,116.5,1.26E+06,1.85E+01,45600,-0.35,-6.2,-4.3,-10.5,0.580392157,0.662745098,1
O,2,IV,105.7,8.72E+05,1.54E+01,45600,-0.35,-5.8,-4.3,-10.1,0.57254902,0.662745098,1
O,2,V,95,7.95E+05,1.47E+01,45600,-0.35,-5.7,-4.3,-10,0.580392157,0.666666667,1
O,2,VI,30,6.03E+05,1.28E+01,45600,-0.35,-5.4,-4.3,-9.7,0.580392157,0.666666667,1
O,3,Ia0,159,1.68E+07,7.69E+01,42800,-0.34,-9.2,-4.12,-13.32,0.592156863,0.674509804,1
O,3,Ia,148,1.85E+06,2.55E+01,42800,-0.34,-6.8,-4.12,-10.92,0.592156863,0.674509804,1
O,3,Ib,136.9,1.40E+06,2.22E+01,42800,-0.34,-6.5,-4.12,-10.62,0.592156863,0.674509804,1
O,3,II,125.8,1.21E+06,2.00E+01,43400,-0.34,-6.3,-4.16,-10.46,0.584313725,0.678431373,1
O,3,III,114.7,9.17E+05,1.75E+01,43400,-0.34,-6,-4.16,-10.16,0.588235294,0.670588235,1
O,3,IV,103.6,6.96E+05,1.52E+01,43400,-0.34,-5.7,-4.16,-9.86,0.580392157,0.666666667,1
O,3,V,92.5,6.34E+05,1.45E+01,43400,-0.34,-5.6,-4.16,-9.76,0.592156863,0.674509804,1
O,3,VI,23,4.81E+05,1.26E+01,43400,-0.34,-5.3,-4.16,-9.46,0.592156863,0.674509804,1
O,4,Ia0,158.7,1.32E+07,7.64E+01,40400,-0.33,-9.1,-3.95,-13.05,0.6,0.682352941,1
O,4,Ia,147.3,1.74E+06,2.77E+01,40400,-0.33,-6.9,-3.95,-10.85,0.6,0.682352941,1
O,4,Ib,135.8,1.20E+06,2.31E+01,40400,-0.33,-6.5,-3.95,-10.45,0.6,0.682352941,1
O,4,II,124.4,9.60E+05,1.98E+01,41200,-0.34,-6.2,-4.01,-10.21,0.592156863,0.68627451,1
O,4,III,112.9,7.28E+05,1.73E+01,41200,-0.34,-5.9,-4.01,-9.91,0.596078431,0.674509804,1
O,4,IV,101.5,5.52E+05,1.50E+01,41200,-0.34,-5.6,-4.01,-9.61,0.584313725,0.670588235,1
O,4,V,90,5.04E+05,1.44E+01,41200,-0.34,-5.5,-4.01,-9.51,0.6,0.682352941,1
O,4,VI,20,3.82E+05,1.25E+01,41200,-0.34,-5.2,-4.01,-9.21,0.6,0.682352941,1
O,5,Ia0,158.4,1.03E+07,7.62E+01,38000,-0.33,-9,-3.78,-12.78,0.607843137,0.690196078,1
O,5,Ia,142,1.48E+06,2.90E+01,38000,-0.33,-6.9,-3.78,-10.68,0.607843137,0.690196078,1
O,5,Ib,125.6,1.03E+06,2.41E+01,38000,-0.33,-6.5,-3.78,-10.28,0.607843137,0.690196078,1
O,5,II,109.2,7.59E+05,1.97E+01,39000,-0.33,-6.1,-3.85,-9.95,0.6,0.694117647,1
O,5,III,92.8,5.25E+05,1.64E+01,39000,-0.33,-5.7,-3.85,-9.55,0.603921569,0.682352941,1
O,5,IV,76.4,4.37E+05,1.49E+01,39000,-0.33,-5.5,-3.85,-9.35,0.588235294,0.674509804,1
O,5,V,60,3.98E+05,1.42E+01,39000,-0.33,-5.4,-3.85,-9.25,0.607843137,0.690196078,1
O,5,VI,17.5,3.02E+05,1.24E+01,39000,-0.33,-5.1,-3.85,-8.95,0.607843137,0.690196078,1
O,6,Ia0,136.7,7.81E+06,7.66E+01,35400,-0.32,-8.9,-3.58,-12.48,0.615686275,0.698039216,1
O,6,Ia,120.1,1.36E+06,3.19E+01,35400,-0.32,-7,-3.58,-10.58,0.615686275,0.698039216,1
O,6,Ib,103.5,7.81E+05,2.42E+01,35400,-0.32,-6.4,-3.58,-9.98,0.615686275,0.698039216,1
O,6,II,86.9,6.54E+05,2.05E+01,36800,-0.32,-6.1,-3.69,-9.79,0.607843137,0.701960784,1
O,6,III,70.2,3.76E+05,1.56E+01,36800,-0.32,-5.5,-3.69,-9.19,0.611764706,0.68627451,1
O,6,IV,53.6,3.13E+05,1.42E+01,36800,-0.32,-5.3,-3.69,-8.99,0.592156863,0.682352941,1
O,6,V,37,2.60E+05,1.29E+01,36800,-0.32,-5.1,-3.69,-8.79,0.635294118,0.721568627,1
O,6,VI,14.2,1.80E+05,1.08E+01,36800,-0.32,-4.7,-3.69,-8.39,0.635294118,0.721568627,1
O,7,Ia0,115.1,5.88E+06,7.74E+01,32800,-0.31,-8.8,-3.37,-12.17,0.62745098,0.709803922,1
O,7,Ia,100.9,1.12E+06,3.38E+01,32800,-0.31,-7,-3.37,-10.37,0.62745098,0.709803922,1
O,7,Ib,86.7,5.88E+05,2.45E+01,32800,-0.31,-6.3,-3.37,-9.67,0.62745098,0.709803922,1
O,7,II,72.5,5.10E+05,2.05E+01,34600,-0.32,-6,-3.52,-9.52,0.611764706,0.709803922,1
O,7,III,58.4,2.94E+05,1.55E+01,34600,-0.32,-5.4,-3.52,-8.92,0.619607843,0.694117647,1
O,7,IV,44.2,2.23E+05,1.35E+01,34600,-0.32,-5.1,-3.52,-8.62,0.596078431,0.68627451,1
O,7,V,30,1.54E+05,1.13E+01,34600,-0.32,-4.7,-3.52,-8.22,0.615686275,0.694117647,1
O,7,VI,10.9,1.07E+05,9.36E+00,34600,-0.32,-4.3,-3.52,-7.82,0.615686275,0.694117647,1
O,8,Ia0,93.4,4.37E+06,7.87E+01,30200,-0.3,-8.7,-3.15,-11.85,0.635294118,0.717647059,1
O,8,Ia,81.7,9.13E+05,3.60E+01,30200,-0.3,-7,-3.15,-10.15,0.635294118,0.717647059,1
O,8,Ib,69.9,4.37E+05,2.49E+01,30200,-0.3,-6.2,-3.15,-9.35,0.635294118,0.717647059,1
O,8,II,58.2,3.60E+05,1.96E+01,32400,-0.31,-5.8,-3.34,-9.14,0.619607843,0.717647059,1
O,8,III,46.5,2.07E+05,1.49E+01,32400,-0.31,-5.2,-3.34,-8.54,0.615686275,0.698039216,1
O,8,IV,34.7,1.57E+05,1.30E+01,32400,-0.31,-4.9,-3.34,-8.24,0.6,0.690196078,1
O,8,V,23,9.91E+04,1.03E+01,32400,-0.31,-4.4,-3.34,-7.74,0.615686275,0.694117647,1
O,8,VI,7.6,5.70E+04,7.81E+00,32400,-0.31,-3.8,-3.34,-7.14,0.615686275,0.694117647,1
O,9,Ia0,71.8,3.19E+06,8.05E+01,27600,-0.29,-8.6,-2.91,-11.51,0.643137255,0.725490196,1
O,9,Ia,63.1,7.31E+05,3.85E+01,27600,-0.29,-7,-2.91,-9.91,0.643137255,0.725490196,1
O,9,Ib,54.5,3.19E+05,2.55E+01,27600,-0.29,-6.1,-2.91,-9.01,0.643137255,0.725490196,1
O,9,II,45.9,2.76E+05,1.98E+01,30200,-0.3,-5.7,-3.15,-8.85,0.62745098,0.729411765,1
O,9,III,37.3,1.59E+05,1.50E+01,30200,-0.3,-5.1,-3.15,-8.25,0.619607843,0.694117647,1
O,9,IV,28.6,1.10E+05,1.25E+01,30200,-0.3,-4.7,-3.15,-7.85,0.607843137,0.694117647,1
O,9,V,20,5.76E+04,9.04E+00,30200,-0.3,-4,-3.15,-7.15,0.603921569,0.698039216,1
O,9,VI,6.7,3.31E+04,6.85E+00,30200,-0.3,-3.4,-3.15,-6.55,0.603921569,0.698039216,1
B,0,Ia0,50.1,2.28E+06,8.30E+01,25000,-0.27,-8.5,-2.65,-11.15,0.631372549,0.741176471,1
B,0,Ia,44.7,5.73E+05,4.16E+01,25000,-0.27,-7,-2.65,-9.65,0.631372549,0.741176471,1
B,0,Ib,39.2,2.28E+05,2.62E+01,25000,-0.27,-6,-2.65,-8.65,0.631372549,0.741176471,1
B,0,II,33.8,1.90E+05,1.91E+01,28000,-0.29,-5.5,-2.95,-8.45,0.635294118,0.737254902,1
B,0,III,28.4,1.09E+05,1.45E+01,28000,-0.29,-4.9,-2.95,-7.85,0.619607843,0.694117647,1
B,0,IV,22.9,7.57E+04,1.21E+01,28000,-0.29,-4.5,-2.95,-7.45,0.611764706,0.701960784,1
B,0,V,17.5,3.62E+04,8.34E+00,28000,-0.29,-3.7,-2.95,-6.65,0.611764706,0.698039216,1
B,0,VI,5.9,1.90E+04,6.04E+00,28000,-0.29,-3,-2.95,-5.95,0.611764706,0.698039216,1
B,1,Ia0,45.1,2.02E+06,8.62E+01,23790,-0.26,-8.5,-2.51,-11.01,0.658823529,0.756862745,1
B,1,Ia,40,5.07E+05,4.32E+01,23790,-0.26,-7,-2.51,-9.51,0.658823529,0.756862745,1
B,1,Ib,34.8,1.84E+05,2.60E+01,23790,-0.26,-5.9,-2.51,-8.41,0.658823529,0.756862745,1
B,1,II,29.7,1.34E+05,1.83E+01,26190,-0.28,-5.3,-2.77,-8.07,0.639215686,0.745098039,1
B,1,III,24.5,5.34E+04,1.16E+01,26190,-0.28,-4.3,-2.77,-7.07,0.619607843,0.694117647,1
B,1,IV,19.4,3.70E+04,9.63E+00,26190,-0.28,-3.9,-2.77,-6.67,0.615686275,0.705882353,1
B,1,V,14.2,1.94E+04,6.97E+00,26190,-0.28,-3.2,-2.77,-5.97,0.62745098,0.71372549,1
B,1,VI,5.2,1.02E+04,5.05E+00,26190,-0.28,-2.5,-2.77,-5.27,0.62745098,0.71372549,1
B,2,Ia0,40.1,1.62E+06,8.57E+01,22580,-0.25,-8.4,-2.37,-10.77,0.694117647,0.768627451,1
B,2,Ia,35.2,4.46E+05,4.50E+01,22580,-0.25,-7,-2.37,-9.37,0.694117647,0.768627451,1
B,2,Ib,30.4,1.62E+05,2.71E+01,22580,-0.25,-5.9,-2.37,-8.27,0.694117647,0.768627451,1
B,2,II,25.5,9.36E+04,1.77E+01,24380,-0.27,-5.1,-2.58,-7.68,0.647058824,0.752941176,1
B,2,III,20.6,2.83E+04,9.71E+00,24380,-0.27,-3.8,-2.58,-6.38,0.623529412,0.705882353,1
B,2,IV,15.8,1.96E+04,8.08E+00,24380,-0.27,-3.4,-2.58,-5.98,0.623529412,0.701960784,1
B,2,V,10.9,9.36E+03,5.59E+00,24380,-0.27,-2.6,-2.58,-5.18,0.62745098,0.705882353,1
B,2,VI,4.5,5.39E+03,4.24E+00,24380,-0.27,-2,-2.58,-4.58,0.62745098,0.705882353,1
B,3,Ia0,35.1,1.42E+06,8.95E+01,21370,-0.24,-8.4,-2.23,-10.63,0.68627451,0.760784314,1
B,3,Ia,30.5,4.28E+05,4.92E+01,21370,-0.24,-7.1,-2.23,-9.33,0.68627451,0.760784314,1
B,3,Ib,25.9,1.29E+05,2.70E+01,21370,-0.24,-5.8,-2.23,-8.03,0.68627451,0.760784314,1
B,3,II,21.4,6.45E+04,1.71E+01,22570,-0.25,-4.9,-2.37,-7.27,0.658823529,0.756862745,1
B,3,III,16.8,1.35E+04,7.82E+00,22570,-0.25,-3.2,-2.37,-5.57,0.639215686,0.733333333,1
B,3,IV,12.2,9.32E+03,6.51E+00,22570,-0.25,-2.8,-2.37,-5.17,0.650980392,0.737254902,1
B,3,V,7.6,4.89E+03,4.71E+00,22570,-0.25,-2.1,-2.37,-4.47,0.647058824,0.725490196,1
B,3,VI,3.8,2.57E+03,3.41E+00,22570,-0.25,-1.4,-2.37,-3.77,0.647058824,0.725490196,1
B,4,Ia0,30.1,1.23E+06,9.37E+01,20160,-0.23,-8.4,-2.07,-10.47,0.733333333,0.796078431,1
B,4,Ia,26.2,3.38E+05,4.92E+01,20160,-0.23,-7,-2.07,-9.07,0.733333333,0.796078431,1
B,4,Ib,22.3,1.12E+05,2.83E+01,20160,-0.23,-5.8,-2.07,-7.87,0.733333333,0.796078431,1
B,4,II,18.4,4.37E+04,1.67E+01,20760,-0.24,-4.7,-2.15,-6.85,0.674509804,0.760784314,1
B,4,III,14.5,6.93E+03,6.63E+00,20760,-0.24,-2.7,-2.15,-4.85,0.650980392,0.737254902,1
B,4,IV,10.6,4.79E+03,5.52E+00,20760,-0.24,-2.3,-2.15,-4.45,0.662745098,0.745098039,1
B,4,V,6.7,2.29E+03,3.82E+00,20760,-0.24,-1.5,-2.15,-3.65,0.643137255,0.721568627,1
B,4,VI,3.4,1.32E+03,2.89E+00,20760,-0.24,-0.9,-2.15,-3.05,0.643137255,0.721568627,1
B,5,Ia0,25.1,9.65E+05,9.39E+01,18950,-0.22,-8.3,-1.91,-10.21,0.701960784,0.792156863,1
B,5,Ia,21.9,2.91E+05,5.16E+01,18950,-0.22,-7,-1.91,-8.91,0.701960784,0.792156863,1
B,5,Ib,18.7,8.80E+04,2.84E+01,18950,-0.22,-5.7,-1.91,-7.61,0.701960784,0.792156863,1
B,5,II,15.5,2.91E+04,1.63E+01,18950,-0.22,-4.5,-1.91,-6.41,0.68627451,0.764705882,1
B,5,III,12.3,3.19E+03,5.40E+00,18950,-0.22,-2.1,-1.91,-4.01,0.658823529,0.741176471,1
B,5,IV,9.1,2.21E+03,4.50E+00,18950,-0.22,-1.7,-1.91,-3.61,0.674509804,0.752941176,1
B,5,V,5.9,1.16E+03,3.26E+00,18950,-0.22,-1,-1.91,-2.91,0.666666667,0.749019608,1
B,5,VI,2.9,6.67E+02,2.47E+00,18950,-0.22,-0.4,-1.91,-2.31,0.666666667,0.749019608,1
B,6,Ia0,23.2,7.58E+05,1.02E+02,17140,-0.2,-8.3,-1.65,-9.95,0.749019608,0.811764706,1
B,6,Ia,20.2,2.29E+05,5.59E+01,17140,-0.2,-7,-1.65,-8.65,0.749019608,0.811764706,1
B,6,Ib,17.2,6.31E+04,2.94E+01,17140,-0.2,-5.6,-1.65,-7.25,0.749019608,0.811764706,1
B,6,II,14.2,1.74E+04,1.54E+01,17140,-0.2,-4.2,-1.65,-5.85,0.694117647,0.768627451,1
B,6,III,11.2,1.74E+03,4.87E+00,17140,-0.2,-1.7,-1.65,-3.35,0.666666667,0.745098039,1
B,6,IV,8.2,1.20E+03,4.05E+00,17140,-0.2,-1.3,-1.65,-2.95,0.68627451,0.760784314,1
B,6,V,5.2,6.92E+02,3.07E+00,17140,-0.2,-0.7,-1.65,-2.35,0.674509804,0.741176471,1
B,6,VI,2.7,3.63E+02,2.23E+00,17140,-0.2,0,-1.65,-1.65,0.674509804,0.741176471,1
B,7,Ia0,21.4,5.33E+05,1.07E+02,15330,-0.18,-8.2,-1.37,-9.57,0.764705882,0.819607843,1
B,7,Ia,18.6,1.93E+05,6.43E+01,15330,-0.18,-7.1,-1.37,-8.47,0.764705882,0.819607843,1
B,7,Ib,15.8,4.43E+04,3.08E+01,15330,-0.18,-5.5,-1.37,-6.87,0.764705882,0.819607843,1
B,7,II,12.9,1.11E+04,1.54E+01,15330,-0.18,-4,-1.37,-5.37,0.701960784,0.776470588,1
B,7,III,10.1,1.01E+03,4.66E+00,15330,-0.18,-1.4,-1.37,-2.77,0.670588235,0.749019608,1
B,7,IV,7.3,6.40E+02,3.70E+00,15330,-0.18,-0.9,-1.37,-2.27,0.666666667,0.741176471,1
B,7,V,4.5,4.04E+02,2.94E+00,15330,-0.18,-0.4,-1.37,-1.77,0.678431373,0.749019608,1
B,7,VI,2.5,1.93E+02,2.03E+00,15330,-0.18,0.4,-1.37,-0.97,0.678431373,0.749019608,1
B,8,Ia0,19.5,3.67E+05,1.14E+02,13520,-0.15,-8.1,-1.06,-9.16,0.71372549,0.807843137,1
B,8,Ia,16.9,1.60E+05,7.52E+01,13520,-0.15,-7.2,-1.06,-8.26,0.71372549,0.807843137,1
B,8,Ib,14.3,3.34E+04,3.44E+01,13520,-0.15,-5.5,-1.06,-6.56,0.71372549,0.807843137,1
B,8,II,11.7,6.99E+03,1.57E+01,13520,-0.15,-3.8,-1.06,-4.86,0.709803922,0.780392157,1
B,8,III,9,5.30E+02,4.33E+00,13520,-0.15,-1,-1.06,-2.06,0.68627451,0.756862745,1
B,8,IV,6.4,3.34E+02,3.44E+00,13520,-0.15,-0.5,-1.06,-1.56,0.68627451,0.756862745,1
B,8,V,3.8,2.11E+02,2.73E+00,13520,-0.15,0,-1.06,-1.06,0.694117647,0.764705882,1
B,8,VI,2.4,1.01E+02,1.89E+00,13520,-0.15,0.8,-1.06,-0.26,0.694117647,0.764705882,1
B,9,Ia0,17.7,2.73E+05,1.31E+02,11710,-0.11,-8.1,-0.74,-8.84,0.8,0.847058824,1
B,9,Ia,15.3,1.31E+05,9.05E+01,11710,-0.11,-7.3,-0.74,-8.04,0.8,0.847058824,1
B,9,Ib,12.9,2.27E+04,3.77E+01,11710,-0.11,-5.4,-0.74,-6.14,0.8,0.847058824,1
B,9,II,10.5,4.32E+03,1.65E+01,11710,-0.11,-3.6,-0.74,-4.34,0.71372549,0.788235294,1
B,9,III,8.1,2.99E+02,4.33E+00,11710,-0.11,-0.7,-0.74,-1.44,0.698039216,0.764705882,1
B,9,IV,5.7,1.72E+02,3.29E+00,11710,-0.11,-0.1,-0.74,-0.84,0.705882353,0.77254902,1
B,9,V,3.4,1.19E+02,2.73E+00,11710,-0.11,0.3,-0.74,-0.44,0.709803922,0.776470588,1
B,9,VI,2.1,5.20E+01,1.81E+00,11710,-0.11,1.2,-0.74,0.46,0.709803922,0.776470588,1
A,0,Ia0,15.8,1.86E+05,1.51E+02,9900,-0.06,-8,-0.42,-8.42,0.733333333,0.807843137,1
A,0,Ia,13.7,1.07E+05,1.14E+02,9900,-0.06,-7.4,-0.42,-7.82,0.733333333,0.807843137,1
A,0,Ib,11.5,1.54E+04,4.35E+01,9900,-0.06,-5.3,-0.42,-5.72,0.733333333,0.807843137,1
A,0,II,9.4,2.68E+03,1.81E+01,9900,-0.06,-3.4,-0.42,-3.82,0.721568627,0.792156863,1
A,0,III,7.2,1.54E+02,4.35E+00,9900,-0.06,-0.3,-0.42,-0.72,0.737254902,0.803921569,1
A,0,IV,5.1,8.88E+01,3.30E+00,9900,-0.06,0.3,-0.42,-0.12,0.701960784,0.77254902,1
A,0,V,2.9,6.74E+01,2.88E+00,9900,-0.06,0.6,-0.42,0.18,0.725490196,0.788235294,1
A,0,VI,1.9,2.68E+01,1.81E+00,9900,-0.06,1.6,-0.42,1.18,0.725490196,0.788235294,1
A,1,Ia0,15.2,1.98E+05,1.62E+02,9707,-0.06,-8.1,-0.39,-8.49,0.839215686,0.874509804,1
A,1,Ia,13.1,1.14E+05,1.23E+02,9707,-0.06,-7.5,-0.39,-7.89,0.839215686,0.874509804,1
A,1,Ib,11,1.50E+04,4.46E+01,9707,-0.06,-5.3,-0.39,-5.69,0.839215686,0.874509804,1
A,1,II,8.9,2.35E+03,1.79E+01,9650,-0.06,-3.3,-0.38,-3.68,0.729411765,0.8,1
A,1,III,6.9,1.24E+02,4.10E+00,9650,-0.06,-0.1,-0.38,-0.48,0.737254902,0.8,1
A,1,IV,4.8,7.11E+01,3.11E+00,9650,-0.06,0.5,-0.38,0.12,0.717647059,0.784313725,1
A,1,V,2.7,4.92E+01,2.59E+00,9650,-0.06,0.9,-0.38,0.52,0.709803922,0.780392157,1
A,1,VI,1.8,1.96E+01,1.63E+00,9650,-0.06,1.9,-0.38,1.52,0.709803922,0.780392157,1
A,2,Ia0,14.5,2.10E+05,1.74E+02,9513,-0.05,-8.2,-0.36,-8.56,0.780392157,0.839215686,1
A,2,Ia,12.5,1.21E+05,1.32E+02,9513,-0.05,-7.6,-0.36,-7.96,0.780392157,0.839215686,1
A,2,Ib,10.5,1.33E+04,4.37E+01,9513,-0.05,-5.2,-0.36,-5.56,0.780392157,0.839215686,1
A,2,II,8.5,2.07E+03,1.77E+01,9400,-0.05,-3.2,-0.34,-3.54,0.737254902,0.803921569,1
A,2,III,6.5,9.90E+01,3.87E+00,9400,-0.05,0.1,-0.34,-0.24,0.741176471,0.8,1
A,2,IV,4.5,5.70E+01,2.93E+00,9400,-0.05,0.7,-0.34,0.36,0.729411765,0.792156863,1
A,2,V,2.5,3.94E+01,2.44E+00,9400,-0.05,1.1,-0.34,0.76,0.733333333,0.796078431,1
A,2,VI,1.8,1.57E+01,1.54E+00,9400,-0.05,2.1,-0.34,1.76,0.733333333,0.796078431,1
A,3,Ia0,13.9,2.24E+05,1.87E+02,9320,-0.05,-8.3,-0.33,-8.63,0.811764706,0.858823529,1
A,3,Ia,12,1.29E+05,1.42E+02,9320,-0.05,-7.7,-0.33,-8.03,0.811764706,0.858823529,1
A,3,Ib,10,1.29E+04,4.49E+01,9320,-0.05,-5.2,-0.33,-5.53,0.811764706,0.858823529,1
A,3,II,8.1,1.66E+03,1.67E+01,9150,-0.04,-3,-0.3,-3.3,0.745098039,0.811764706,1
A,3,III,6.2,8.71E+01,3.83E+00,9150,-0.04,0.2,-0.3,-0.1,0.741176471,0.796078431,1
A,3,IV,4.3,4.17E+01,2.65E+00,9150,-0.04,1,-0.3,0.7,0.745098039,0.803921569,1
A,3,V,2.4,2.89E+01,2.20E+00,9150,-0.04,1.4,-0.3,1.1,0.749019608,0.811764706,1
A,3,VI,1.8,1.15E+01,1.39E+00,9150,-0.04,2.4,-0.3,2.1,0.749019608,0.811764706,1
A,4,Ia0,13.2,2.39E+05,2.02E+02,9127,-0.04,-8.4,-0.3,-8.7,0.843137255,0.878431373,1
A,4,Ia,11.4,1.38E+05,1.53E+02,9127,-0.04,-7.8,-0.3,-8.1,0.843137255,0.878431373,1
A,4,Ib,9.5,1.14E+04,4.41E+01,9127,-0.04,-5.1,-0.3,-5.4,0.843137255,0.878431373,1
A,4,II,7.7,1.46E+03,1.66E+01,8900,0,-2.9,-0.26,-3.16,0.752941176,0.815686275,1
A,4,III,5.8,7.00E+01,3.63E+00,8900,0,0.4,-0.26,0.14,0.768627451,0.819607843,1
A,4,IV,4,3.35E+01,2.51E+00,8900,0,1.2,-0.26,0.94,0.764705882,0.823529412,1
A,4,V,2.1,2.32E+01,2.09E+00,8900,0,1.6,-0.26,1.34,0.77254902,0.82745098,1
A,4,VI,1.7,9.23E+00,1.32E+00,8900,0,2.6,-0.26,2.34,0.77254902,0.82745098,1
A,5,Ia0,12.6,2.55E+05,2.17E+02,8933,0,-8.5,-0.27,-8.77,0.874509804,0.898039216,1
A,5,Ia,10.8,1.61E+05,1.73E+02,8933,0,-8,-0.27,-8.27,0.874509804,0.898039216,1
A,5,Ib,9,1.11E+04,4.54E+01,8933,0,-5.1,-0.27,-5.37,0.874509804,0.898039216,1
A,5,II,7.2,1.29E+03,1.65E+01,8650,0.05,-2.8,-0.23,-3.03,0.760784314,0.823529412,1
A,5,III,5.4,5.64E+01,3.45E+00,8650,0.05,0.6,-0.23,0.37,0.792156863,0.843137255,1
A,5,IV,3.7,2.70E+01,2.38E+00,8650,0.05,1.4,-0.23,1.17,0.831372549,0.862745098,1
A,5,V,1.9,1.70E+01,1.89E+00,8650,0.05,1.9,-0.23,1.67,0.792156863,0.843137255,1
A,5,VI,1.6,6.78E+00,1.20E+00,8650,0.05,2.9,-0.23,2.67,0.792156863,0.843137255,1
A,6,Ia0,12.6,2.49E+05,2.24E+02,8740,0.03,-8.5,-0.24,-8.74,0.858823529,0.88627451,1
A,6,Ia,10.8,1.89E+05,1.95E+02,8740,0.03,-8.2,-0.24,-8.44,0.858823529,0.88627451,1
A,6,Ib,9,1.09E+04,4.69E+01,8740,0.03,-5.1,-0.24,-5.34,0.858823529,0.88627451,1
A,6,II,7.2,1.14E+03,1.65E+01,8400,0.09,-2.7,-0.2,-2.9,0.768627451,0.82745098,1
A,6,III,5.4,4.55E+01,3.28E+00,8400,0.09,0.8,-0.2,0.6,0.819607843,0.858823529,1
A,6,IV,3.6,2.18E+01,2.27E+00,8400,0.09,1.6,-0.2,1.4,0.792156863,0.839215686,1
A,6,V,1.8,1.51E+01,1.89E+00,8400,0.09,2,-0.2,1.8,0.780392157,0.831372549,1
A,6,VI,1.6,5.47E+00,1.14E+00,8400,0.09,3.1,-0.2,2.9,0.780392157,0.831372549,1
A,7,Ia0,12.6,2.67E+05,2.43E+02,8547,0.07,-8.6,-0.21,-8.81,0.843137255,0.874509804,1
A,7,Ia,10.8,2.22E+05,2.21E+02,8547,0.07,-8.4,-0.21,-8.61,0.843137255,0.874509804,1
A,7,Ib,9,1.06E+04,4.84E+01,8547,0.07,-5.1,-0.21,-5.31,0.843137255,0.874509804,1
A,7,II,7.2,1.11E+03,1.72E+01,8150,0.14,-2.7,-0.17,-2.87,0.77254902,0.835294118,1
A,7,III,5.4,3.68E+01,3.14E+00,8150,0.14,1,-0.17,0.83,0.823529412,0.858823529,1
A,7,IV,3.6,1.93E+01,2.27E+00,8150,0.14,1.7,-0.17,1.53,0.752941176,0.811764706,1
A,7,V,1.8,1.22E+01,1.81E+00,8150,0.14,2.2,-0.17,2.03,0.784313725,0.835294118,1
A,7,VI,1.5,4.43E+00,1.09E+00,8150,0.14,3.3,-0.17,3.13,0.784313725,0.835294118,1
A,8,Ia0,12.6,2.60E+05,2.51E+02,8353,0.1,-8.6,-0.19,-8.79,0.823529412,0.866666667,1
A,8,Ia,10.8,2.38E+05,2.40E+02,8353,0.1,-8.5,-0.19,-8.69,0.823529412,0.866666667,1
A,8,Ib,9,1.04E+04,5.01E+01,8353,0.1,-5.1,-0.19,-5.29,0.823529412,0.866666667,1
A,8,II,7.2,9.90E+02,1.73E+01,7900,0.19,-2.6,-0.14,-2.74,0.780392157,0.839215686,1
A,8,III,5.4,3.28E+01,3.15E+00,7900,0.19,1.1,-0.14,0.96,0.819607843,0.858823529,1
A,8,IV,3.6,1.57E+01,2.18E+00,7900,0.19,1.9,-0.14,1.76,0.815686275,0.850980392,1
A,8,V,1.8,1.09E+01,1.81E+00,7900,0.19,2.3,-0.14,2.16,0.835294118,0.870588235,1
A,8,VI,1.5,3.59E+00,1.04E+00,7900,0.19,3.5,-0.14,3.36,0.835294118,0.870588235,1
A,9,Ia0,12.6,2.80E+05,2.73E+02,8160,0.14,-8.7,-0.17,-8.87,0.807843137,0.854901961,1
A,9,Ia,10.8,2.33E+05,2.49E+02,8160,0.14,-8.5,-0.17,-8.67,0.807843137,0.854901961,1
A,9,Ib,9,1.02E+04,5.20E+01,8160,0.14,-5.1,-0.17,-5.27,0.807843137,0.854901961,1
A,9,II,7.1,9.70E+02,1.83E+01,7650,0.24,-2.6,-0.12,-2.72,0.788235294,0.847058824,1
A,9,III,5.3,2.67E+01,3.03E+00,7650,0.24,1.3,-0.12,1.18,0.819607843,0.858823529,1
A,9,IV,3.5,1.40E+01,2.20E+00,7650,0.24,2,-0.12,1.88,0.878431373,0.890196078,1
A,9,V,1.7,8.85E+00,1.75E+00,7650,0.24,2.5,-0.12,2.38,0.858823529,0.878431373,1
A,9,VI,1.4,2.93E+00,1.00E+00,7650,0.24,3.7,-0.12,3.58,0.858823529,0.878431373,1
F,0,Ia0,12.6,2.74E+05,2.83E+02,7967,0.18,-8.7,-0.15,-8.85,0.792156863,0.843137255,1
F,0,Ia,10.8,2.28E+05,2.58E+02,7967,0.18,-8.5,-0.15,-8.65,0.792156863,0.843137255,1
F,0,Ib,8.9,9.96E+03,5.40E+01,7967,0.18,-5.1,-0.15,-5.25,0.792156863,0.843137255,1
F,0,II,7.1,8.70E+02,1.85E+01,7400,0.3,-2.5,-0.1,-2.6,0.796078431,0.850980392,1
F,0,III,5.3,2.19E+01,2.93E+00,7400,0.3,1.5,-0.1,1.4,0.835294118,0.870588235,1
F,0,IV,3.4,1.15E+01,2.12E+00,7400,0.3,2.2,-0.1,2.1,0.854901961,0.878431373,1
F,0,V,1.6,7.94E+00,1.77E+00,7400,0.3,2.6,-0.1,2.5,0.878431373,0.898039216,1
F,0,VI,1.4,2.40E+00,9.71E-01,7400,0.3,3.9,-0.1,3.8,0.878431373,0.898039216,1
F,1,Ia0,12.1,2.96E+05,3.09E+02,7773,0.22,-8.8,-0.13,-8.93,0.874509804,0.898039216,1
F,1,Ia,10.3,2.24E+05,2.69E+02,7773,0.22,-8.5,-0.13,-8.63,0.874509804,0.898039216,1
F,1,Ib,8.6,9.79E+03,5.62E+01,7773,0.22,-5.1,-0.13,-5.23,0.874509804,0.898039216,1
F,1,II,6.8,8.65E+02,1.92E+01,7260,0.33,-2.5,-0.09,-2.59,0.847058824,0.882352941,1
F,1,III,5.1,2.17E+01,3.04E+00,7260,0.33,1.5,-0.09,1.41,0.890196078,0.909803922,1
F,1,IV,3.3,1.25E+01,2.30E+00,7260,0.33,2.1,-0.09,2.01,0.874509804,0.890196078,1
F,1,V,1.6,6.56E+00,1.67E+00,7260,0.33,2.8,-0.09,2.71,0.901960784,0.917647059,1
F,1,VI,1.3,1.98E+00,9.17E-01,7260,0.33,4.1,-0.09,4.01,0.901960784,0.917647059,1
F,2,Ia0,11.6,2.91E+05,3.23E+02,7580,0.26,-8.8,-0.11,-8.91,0.956862745,0.952941176,1
F,2,Ia,9.9,2.02E+05,2.68E+02,7580,0.26,-8.4,-0.11,-8.51,0.956862745,0.952941176,1
F,2,Ib,8.2,8.80E+03,5.61E+01,7580,0.26,-5,-0.11,-5.11,0.956862745,0.952941176,1
F,2,II,6.5,8.60E+02,1.99E+01,7120,0.36,-2.5,-0.09,-2.59,0.898039216,0.91372549,1
F,2,III,4.9,1.97E+01,3.01E+00,7120,0.36,1.6,-0.09,1.51,0.945098039,0.945098039,1
F,2,IV,3.2,1.49E+01,2.62E+00,7120,0.36,1.9,-0.09,1.81,0.890196078,0.901960784,1
F,2,V,1.5,5.95E+00,1.65E+00,7120,0.36,2.9,-0.09,2.81,0.925490196,0.937254902,1
F,2,VI,1.3,1.64E+00,8.67E-01,7120,0.36,4.3,-0.09,4.21,0.925490196,0.937254902,1
F,3,Ia0,11,3.16E+05,3.54E+02,7387,0.3,-8.9,-0.1,-9,0.925490196,0.929411765,1
F,3,Ia,9.4,1.99E+05,2.81E+02,7387,0.3,-8.4,-0.1,-8.5,0.925490196,0.929411765,1
F,3,Ib,7.9,8.70E+03,5.87E+01,7387,0.3,-5,-0.1,-5.1,0.925490196,0.929411765,1
F,3,II,6.3,7.82E+02,1.97E+01,6980,0.39,-2.4,-0.08,-2.48,0.921568627,0.929411765,1
F,3,III,4.7,1.96E+01,3.12E+00,6980,0.39,1.6,-0.08,1.52,0.945098039,0.945098039,1
F,3,IV,3.1,1.63E+01,2.85E+00,6980,0.39,1.8,-0.08,1.72,0.890196078,0.901960784,1
F,3,V,1.5,4.94E+00,1.57E+00,6980,0.39,3.1,-0.08,3.02,0.901960784,0.91372549,1
F,3,VI,1.2,1.49E+00,8.60E-01,6980,0.39,4.4,-0.08,4.32,0.901960784,0.91372549,1
F,4,Ia0,10.5,3.43E+05,3.89E+02,7193,0.34,-9,-0.09,-9.09,0.890196078,0.905882353,1
F,4,Ia,9,1.80E+05,2.82E+02,7193,0.34,-8.3,-0.09,-8.39,0.890196078,0.905882353,1
F,4,Ib,7.5,7.86E+03,5.89E+01,7193,0.34,-4.9,-0.09,-4.99,0.890196078,0.905882353,1
F,4,II,6,7.81E+02,2.05E+01,6840,0.42,-2.4,-0.08,-2.48,0.945098039,0.945098039,1
F,4,III,4.5,1.96E+01,3.25E+00,6840,0.42,1.6,-0.08,1.52,0.945098039,0.941176471,1
F,4,IV,3,1.96E+01,3.25E+00,6840,0.42,1.6,-0.08,1.52,0.917647059,0.921568627,1
F,4,V,1.4,4.50E+00,1.56E+00,6840,0.42,3.2,-0.08,3.12,0.878431373,0.88627451,1
F,4,VI,1.1,1.24E+00,8.17E-01,6840,0.42,4.6,-0.08,4.52,0.878431373,0.88627451,1
F,5,Ia0,10,3.74E+05,4.29E+02,7000,0.39,-9.1,-0.08,-9.18,0.858823529,0.882352941,1
F,5,Ia,8.6,1.63E+05,2.83E+02,7000,0.39,-8.2,-0.08,-8.28,0.858823529,0.882352941,1
F,5,Ib,7.1,7.82E+03,6.20E+01,7000,0.39,-4.9,-0.08,-4.98,0.858823529,0.882352941,1
F,5,II,5.7,7.83E+02,2.14E+01,6700,0.46,-2.4,-0.08,-2.48,0.968627451,0.949019608,1
F,5,III,4.3,2.16E+01,3.55E+00,6700,0.46,1.5,-0.08,1.42,0.949019608,0.941176471,1
F,5,IV,2.8,2.16E+01,3.55E+00,6700,0.46,1.5,-0.08,1.42,0.945098039,0.937254902,1
F,5,V,1.4,3.75E+00,1.48E+00,6700,0.46,3.4,-0.08,3.32,0.97254902,0.968627451,1
F,5,VI,1.1,1.03E+00,7.77E-01,6700,0.46,4.8,-0.08,4.72,0.97254902,0.968627451,1
F,6,Ia0,10,3.74E+05,4.60E+02,6760,0.44,-9.1,-0.08,-9.18,1,0.917647059,0.988235294
F,6,Ia,8.6,1.49E+05,2.90E+02,6760,0.44,-8.1,-0.08,-8.18,1,0.917647059,0.988235294
F,6,Ib,7.1,7.82E+03,6.64E+01,6760,0.44,-4.9,-0.08,-4.98,1,0.917647059,0.988235294
F,6,II,5.7,7.86E+02,2.24E+01,6560,0.49,-2.4,-0.09,-2.49,0.992156863,0.976470588,1
F,6,III,4.2,2.37E+01,3.89E+00,6560,0.49,1.4,-0.09,1.31,0.945098039,0.941176471,1
F,6,IV,2.8,1.64E+01,3.23E+00,6560,0.49,1.8,-0.09,1.71,0.945098039,0.937254902,1
F,6,V,1.3,3.13E+00,1.41E+00,6560,0.49,3.6,-0.09,3.51,0.956862745,0.945098039,1
F,6,VI,1,8.62E-01,7.41E-01,6560,0.49,5,-0.09,4.91,0.956862745,0.945098039,1
F,7,Ia0,10,4.13E+05,5.19E+02,6520,0.5,-9.2,-0.09,-9.29,1,0.952941176,0.980392157
F,7,Ia,8.5,1.37E+05,2.99E+02,6520,0.5,-8,-0.09,-8.09,1,0.952941176,0.980392157
F,7,Ib,7.1,7.18E+03,6.84E+01,6520,0.5,-4.8,-0.09,-4.89,1,0.952941176,0.980392157
F,7,II,5.6,7.91E+02,2.34E+01,6420,0.52,-2.4,-0.1,-2.5,1,0.980392157,0.984313725
F,7,III,4.2,2.62E+01,4.26E+00,6420,0.52,1.3,-0.1,1.2,0.945098039,0.941176471,1
F,7,IV,2.7,1.25E+01,2.95E+00,6420,0.52,2.1,-0.1,2,0.941176471,0.937254902,1
F,7,V,1.3,2.62E+00,1.35E+00,6420,0.52,3.8,-0.1,3.7,0.964705882,0.952941176,1
F,7,VI,1,7.91E-01,7.41E-01,6420,0.52,5.1,-0.1,5,0.964705882,0.952941176,1
F,8,Ia0,10,4.19E+05,5.64E+02,6280,0.56,-9.2,-0.11,-9.31,1,0.988235294,0.968627451
F,8,Ia,8.5,1.27E+05,3.10E+02,6280,0.56,-7.9,-0.11,-8.01,1,0.988235294,0.968627451
F,8,Ib,7.1,7.29E+03,7.43E+01,6280,0.56,-4.8,-0.11,-4.91,1,0.988235294,0.968627451
F,8,II,5.6,7.29E+02,2.35E+01,6280,0.56,-2.3,-0.11,-2.41,1,0.97254902,0.960784314
F,8,III,4.1,2.90E+01,4.69E+00,6280,0.56,1.2,-0.11,1.09,0.988235294,0.97254902,1
F,8,IV,2.7,1.05E+01,2.83E+00,6280,0.56,2.3,-0.11,2.19,1,0.988235294,0.992156863
F,8,V,1.2,2.41E+00,1.35E+00,6280,0.56,3.9,-0.11,3.79,1,0.968627451,0.988235294
F,8,VI,1,6.65E-01,7.10E-01,6280,0.56,5.3,-0.11,5.19,1,0.968627451,0.988235294
F,9,Ia0,10,4.73E+05,6.54E+02,6011,0.63,-9.3,-0.14,-9.44,1,0.964705882,0.91372549
F,9,Ia,8.5,1.30E+05,3.43E+02,6011,0.63,-7.9,-0.14,-8.04,1,0.964705882,0.91372549
F,9,Ib,7,6.84E+03,7.86E+01,6011,0.63,-4.7,-0.14,-4.84,1,0.964705882,0.91372549
F,9,II,5.6,7.39E+02,2.48E+01,6140,0.6,-2.3,-0.12,-2.42,1,0.964705882,0.937254902
F,9,III,4.1,3.22E+01,5.17E+00,6140,0.6,1.1,-0.12,0.98,1,0.964705882,0.960784314
F,9,IV,2.6,8.10E+00,2.59E+00,6140,0.6,2.6,-0.12,2.48,1,0.980392157,0.976470588
F,9,V,1.1,2.03E+00,1.30E+00,6140,0.6,4.1,-0.12,3.98,1,0.968627451,0.988235294
F,9,VI,0.9,6.14E-01,7.14E-01,6140,0.6,5.4,-0.12,5.28,1,0.968627451,0.988235294
G,0,Ia0,10,4.95E+05,7.32E+02,5743,0.7,-9.3,-0.19,-9.49,1,0.937254902,0.858823529
G,0,Ia,6.3,1.24E+05,3.67E+02,5743,0.7,-7.8,-0.19,-7.99,1,0.937254902,0.858823529
G,0,Ib,2.5,7.15E+03,8.81E+01,5743,0.7,-4.7,-0.19,-4.89,1,0.937254902,0.858823529
G,0,II,2.1,7.84E+02,2.92E+01,5743,0.7,-2.3,-0.19,-2.49,1,0.956862745,0.91372549
G,0,III,1.8,3.75E+01,6.38E+00,5743,0.7,1,-0.19,0.81,1,0.949019608,0.91372549
G,0,IV,1.4,6.25E+00,2.38E+00,6000,0.63,2.9,-0.14,2.76,1,0.97254902,0.960784314
G,0,V,1.1,1.72E+00,1.25E+00,6000,0.63,4.3,-0.14,4.16,1,0.97254902,0.988235294
G,0,VI,0.9,5.20E-01,6.88E-01,6000,0.63,5.6,-0.14,5.46,1,0.97254902,0.988235294
G,1,Ia0,10.5,5.27E+05,8.32E+02,5474,0.78,-9.3,-0.25,-9.55,1,0.933333333,0.831372549
G,1,Ia,6.6,1.32E+05,4.17E+02,5474,0.78,-7.8,-0.25,-8.05,1,0.933333333,0.831372549
G,1,Ib,2.6,7.62E+03,1.00E+02,5474,0.78,-4.7,-0.25,-4.95,1,0.933333333,0.831372549
G,1,II,2.2,8.35E+02,3.31E+01,5474,0.78,-2.3,-0.25,-2.55,1,0.952941176,0.890196078
G,1,III,1.8,4.38E+01,7.59E+00,5474,0.78,0.9,-0.25,0.65,1,0.952941176,0.91372549
G,1,IV,1.4,6.35E+00,2.50E+00,5890,0.66,2.9,-0.16,2.74,1,0.964705882,0.956862745
G,1,V,1,1.46E+00,1.19E+00,5890,0.66,4.5,-0.16,4.34,1,0.968627451,0.97254902
G,1,VI,0.9,4.40E-01,6.56E-01,5890,0.66,5.8,-0.16,5.64,1,0.968627451,0.97254902
G,2,Ia0,11,5.73E+05,9.59E+02,5206,0.86,-9.3,-0.35,-9.65,1,0.925490196,0.803921569
G,2,Ia,6.9,1.31E+05,4.59E+02,5206,0.86,-7.7,-0.35,-8.05,1,0.925490196,0.803921569
G,2,Ib,2.8,8.29E+03,1.15E+02,5206,0.86,-4.7,-0.35,-5.05,1,0.925490196,0.803921569
G,2,II,2.3,9.09E+02,3.82E+01,5206,0.86,-2.3,-0.35,-2.65,1,0.945098039,0.866666667
G,2,III,1.9,5.23E+01,9.16E+00,5206,0.86,0.8,-0.35,0.45,1,0.952941176,0.91372549
G,2,IV,1.4,6.48E+00,2.62E+00,5780,0.69,2.9,-0.18,2.72,1,0.956862745,0.949019608
G,2,V,1,1.23E+00,1.14E+00,5780,0.69,4.7,-0.18,4.52,1,0.960784314,0.949019608
G,2,VI,0.9,3.73E-01,6.28E-01,5780,0.69,6,-0.18,5.82,1,0.960784314,0.949019608
G,3,Ia0,11.5,7.03E+05,1.18E+03,4937,0.94,-9.4,-0.47,-9.87,1,0.905882353,0.796078431
G,3,Ia,7.2,1.47E+05,5.40E+02,4937,0.94,-7.7,-0.47,-8.17,1,0.905882353,0.796078431
G,3,Ib,2.9,8.46E+03,1.30E+02,4937,0.94,-4.6,-0.47,-5.07,1,0.905882353,0.796078431
G,3,II,2.4,1.11E+03,4.70E+01,4937,0.94,-2.4,-0.47,-2.87,1,0.937254902,0.843137255
G,3,III,1.9,7.03E+01,1.18E+01,4937,0.94,0.6,-0.47,0.13,1,0.952941176,0.91372549
G,3,IV,1.5,6.04E+00,2.63E+00,5670,0.72,3,-0.2,2.8,1,0.933333333,0.88627451
G,3,V,1,1.15E+00,1.15E+00,5670,0.72,4.8,-0.2,4.6,1,0.952941176,0.925490196
G,3,VI,0.8,3.48E-01,6.30E-01,5670,0.72,6.1,-0.2,5.9,1,0.952941176,0.925490196
G,4,Ia0,12,8.13E+05,1.42E+03,4669,1.03,-9.4,-0.62,-10.02,1,0.905882353,0.756862745
G,4,Ia,7.5,1.70E+05,6.49E+02,4669,1.03,-7.7,-0.62,-8.32,1,0.905882353,0.756862745
G,4,Ib,3,9.77E+03,1.56E+02,4669,1.03,-4.6,-0.62,-5.22,1,0.905882353,0.756862745
G,4,II,2.5,1.29E+03,5.65E+01,4669,1.03,-2.4,-0.62,-3.02,1,0.929411765,0.819607843
G,4,III,2,8.91E+01,1.49E+01,4669,1.03,0.5,-0.62,-0.12,1,0.952941176,0.91372549
G,4,IV,1.5,6.20E+00,2.76E+00,5560,0.75,3,-0.23,2.77,1,0.960784314,0.933333333
G,4,V,0.9,9.82E-01,1.10E+00,5560,0.75,5,-0.23,4.77,1,0.945098039,0.898039216
G,4,VI,0.8,2.97E-01,6.05E-01,5560,0.75,6.3,-0.23,6.07,1,0.945098039,0.898039216
G,5,Ia0,12.5,1.07E+06,1.84E+03,4400,1.13,-9.5,-0.83,-10.33,1,0.901960784,0.717647059
G,5,Ia,7.8,1.86E+05,7.66E+02,4400,1.13,-7.6,-0.83,-8.43,1,0.901960784,0.717647059
G,5,Ib,3.2,1.18E+04,1.92E+02,4400,1.13,-4.6,-0.83,-5.43,1,0.901960784,0.717647059
G,5,II,2.6,1.55E+03,6.99E+01,4400,1.13,-2.4,-0.83,-3.23,1,0.921568627,0.796078431
G,5,III,2,1.18E+02,1.92E+01,4400,1.13,0.4,-0.83,-0.43,1,0.925490196,0.82745098
G,5,IV,1.5,6.38E+00,2.92E+00,5450,0.79,3,-0.26,2.74,1,0.921568627,0.835294118
G,5,V,0.9,8.41E-01,1.06E+00,5450,0.79,5.2,-0.26,4.94,1,0.956862745,0.917647059
G,5,VI,0.8,2.54E-01,5.83E-01,5450,0.79,6.5,-0.26,6.24,1,0.956862745,0.917647059
G,6,Ia0,12.5,1.12E+06,1.93E+03,4343,1.15,-9.5,-0.88,-10.38,1,0.890196078,0.698039216
G,6,Ia,7.9,1.95E+05,8.04E+02,4343,1.15,-7.6,-0.88,-8.48,1,0.890196078,0.698039216
G,6,Ib,3.3,1.23E+04,2.02E+02,4343,1.15,-4.6,-0.88,-5.48,1,0.890196078,0.698039216
G,6,II,2.7,1.62E+03,7.33E+01,4343,1.15,-2.4,-0.88,-3.28,1,0.91372549,0.776470588
G,6,III,2.1,1.23E+02,2.02E+01,4343,1.15,0.4,-0.88,-0.48,1,0.925490196,0.843137255
G,6,IV,1.5,6.59E+00,3.09E+00,5340,0.82,3,-0.3,2.7,1,0.949019608,0.917647059
G,6,V,0.9,7.92E-01,1.07E+00,5340,0.82,5.3,-0.3,5,1,0.956862745,0.921568627
G,6,VI,0.8,2.18E-01,5.62E-01,5340,0.82,6.7,-0.3,6.4,1,0.956862745,0.921568627
G,7,Ia0,12.5,1.18E+06,2.03E+03,4286,1.17,-9.5,-0.93,-10.43,1,0.874509804,0.674509804
G,7,Ia,8,2.05E+05,8.46E+02,4286,1.17,-7.6,-0.93,-8.53,1,0.874509804,0.674509804
G,7,Ib,3.5,1.29E+04,2.12E+02,4286,1.17,-4.6,-0.93,-5.53,1,0.874509804,0.674509804
G,7,II,2.8,1.70E+03,7.71E+01,4286,1.17,-2.4,-0.93,-3.33,1,0.905882353,0.760784314
G,7,III,2.2,1.29E+02,2.12E+01,4286,1.17,0.4,-0.93,-0.53,1,0.917647059,0.811764706
G,7,IV,1.5,6.84E+00,3.28E+00,5230,0.85,3,-0.34,2.66,1,0.905882353,0.803921569
G,7,V,0.9,6.84E-01,1.04E+00,5230,0.85,5.5,-0.34,5.16,1,0.956862745,0.921568627
G,7,VI,0.7,2.06E-01,5.70E-01,5230,0.85,6.8,-0.34,6.46,1,0.956862745,0.921568627
G,8,Ia0,12.5,1.13E+06,2.04E+03,4229,1.19,-9.4,-0.98,-10.38,1,0.862745098,0.654901961
G,8,Ia,8.1,1.96E+05,8.51E+02,4229,1.19,-7.5,-0.98,-8.48,1,0.862745098,0.654901961
G,8,Ib,3.6,1.49E+04,2.34E+02,4229,1.19,-4.7,-0.98,-5.68,1,0.862745098,0.654901961
G,8,II,2.9,1.96E+03,8.51E+01,4229,1.19,-2.5,-0.98,-3.48,1,0.898039216,0.741176471
G,8,III,2.2,1.24E+02,2.14E+01,4229,1.19,0.5,-0.98,-0.48,1,0.905882353,0.780392157
G,8,IV,1.5,6.50E+00,3.34E+00,5120,0.89,3.1,-0.38,2.72,1,0.91372549,0.82745098
G,8,V,0.8,6.50E-01,1.06E+00,5120,0.89,5.6,-0.38,5.22,1,0.929411765,0.870588235
G,8,VI,0.7,1.79E-01,5.54E-01,5120,0.89,7,-0.38,6.62,1,0.929411765,0.870588235
G,9,Ia0,12.5,1.19E+06,2.16E+03,4171,1.21,-9.4,-1.04,-10.44,1,0.866666667,0.682352941
G,9,Ia,8.1,2.07E+05,8.98E+02,4171,1.21,-7.5,-1.04,-8.54,1,0.866666667,0.682352941
G,9,Ib,3.8,1.57E+04,2.47E+02,4171,1.21,-4.7,-1.04,-5.74,1,0.866666667,0.682352941
G,9,II,3,2.07E+03,8.98E+01,4171,1.21,-2.5,-1.04,-3.54,1,0.890196078,0.721568627
G,9,III,2.3,1.31E+02,2.26E+01,4171,1.21,0.5,-1.04,-0.54,1,0.905882353,0.768627451
G,9,IV,1.6,6.80E+00,3.57E+00,5010,0.92,3.1,-0.43,2.67,1,0.898039216,0.784313725
G,9,V,0.8,5.66E-01,1.03E+00,5010,0.92,5.8,-0.43,5.37,1,0.937254902,0.866666667
G,9,VI,0.7,1.71E-01,5.66E-01,5010,0.92,7.1,-0.43,6.67,1,0.937254902,0.866666667
K,0,Ia0,12.5,1.26E+06,2.28E+03,4114,1.24,-9.4,-1.1,-10.5,1,0.866666667,0.709803922
K,0,Ia,8.2,2.19E+05,9.50E+02,4114,1.24,-7.5,-1.1,-8.6,1,0.866666667,0.709803922
K,0,Ib,3.9,1.66E+04,2.62E+02,4114,1.24,-4.7,-1.1,-5.8,1,0.866666667,0.709803922
K,0,II,3.1,2.19E+03,9.50E+01,4114,1.24,-2.5,-1.1,-3.6,1,0.88627451,0.705882353
K,0,III,2.3,1.38E+02,2.39E+01,4114,1.24,0.5,-1.1,-0.6,1,0.890196078,0.745098039
K,0,IV,1.6,7.16E+00,3.83E+00,4900,0.96,3.1,-0.49,2.61,1,0.882352941,0.741176471
K,0,V,0.8,5.43E-01,1.05E+00,4900,0.96,5.9,-0.49,5.41,1,0.933333333,0.866666667
K,0,VI,0.7,1.50E-01,5.53E-01,4900,0.96,7.3,-0.49,6.81,1,0.933333333,0.866666667
K,1,Ia0,12.5,1.22E+06,2.30E+03,4057,1.26,-9.3,-1.17,-10.47,1,0.862745098,0.694117647
K,1,Ia,8.3,2.12E+05,9.60E+02,4057,1.26,-7.4,-1.17,-8.57,1,0.862745098,0.694117647
K,1,Ib,4.1,1.76E+04,2.77E+02,4057,1.26,-4.7,-1.17,-5.87,1,0.862745098,0.694117647
K,1,II,3.3,2.32E+03,1.01E+02,4057,1.26,-2.5,-1.17,-3.67,1,0.878431373,0.68627451
K,1,III,2.4,1.61E+02,2.64E+01,4057,1.26,0.4,-1.17,-0.77,1,0.874509804,0.709803922
K,1,IV,1.6,7.71E+00,4.21E+00,4760,1,3.1,-0.57,2.53,1,0.847058824,0.670588235
K,1,V,0.8,4.43E-01,1.01E+00,4760,1,6.2,-0.57,5.63,1,0.878431373,0.737254902
K,1,VI,0.6,1.34E-01,5.55E-01,4760,1,7.5,-0.57,6.93,1,0.878431373,0.737254902
K,2,Ia0,13.3,1.30E+06,2.44E+03,4000,1.28,-9.3,-1.23,-10.53,1,0.82745098,0.529411765
K,2,Ia,8.8,2.25E+05,1.02E+03,4000,1.28,-7.4,-1.23,-8.63,1,0.82745098,0.529411765
K,2,Ib,4.3,2.06E+04,3.08E+02,4000,1.28,-4.8,-1.23,-6.03,1,0.82745098,0.529411765
K,2,II,3.4,2.47E+03,1.07E+02,4000,1.28,-2.5,-1.23,-3.73,1,0.870588235,0.666666667
K,2,III,2.5,2.06E+02,3.08E+01,4000,1.28,0.2,-1.23,-1.03,1,0.866666667,0.68627451
K,2,IV,1.6,8.38E+00,4.66E+00,4620,1.05,3.1,-0.66,2.44,1,0.898039216,0.792156863
K,2,V,0.7,4.01E-01,1.02E+00,4620,1.05,6.4,-0.66,5.74,1,0.890196078,0.768627451
K,2,VI,0.6,1.21E-01,5.60E-01,4620,1.05,7.7,-0.66,7.04,1,0.890196078,0.768627451
K,3,Ia0,14.2,1.46E+06,2.72E+03,3900,1.32,-9.3,-1.36,-10.66,1,0.8,0.501960784
K,3,Ia,9.4,2.53E+05,1.14E+03,3900,1.32,-7.4,-1.36,-8.76,1,0.8,0.501960784
K,3,Ib,4.6,2.53E+04,3.59E+02,3900,1.32,-4.9,-1.36,-6.26,1,0.8,0.501960784
K,3,II,3.6,2.77E+03,1.19E+02,3900,1.32,-2.5,-1.36,-3.86,1,0.862745098,0.650980392
K,3,III,2.6,2.53E+02,3.59E+01,3900,1.32,0.1,-1.36,-1.26,1,0.847058824,0.654901961
K,3,IV,1.7,9.22E+00,5.19E+00,4480,1.1,3.1,-0.76,2.34,1,0.858823529,0.654901961
K,3,V,0.7,3.35E-01,9.90E-01,4480,1.1,6.7,-0.76,5.94,1,0.870588235,0.764705882
K,3,VI,0.6,1.01E-01,5.44E-01,4480,1.1,8,-0.76,7.24,1,0.870588235,0.764705882
K,4,Ia0,15,1.65E+06,3.06E+03,3800,1.36,-9.3,-1.5,-10.8,1,0.788235294,0.462745098
K,4,Ia,9.9,2.62E+05,1.22E+03,3800,1.36,-7.3,-1.5,-8.8,1,0.788235294,0.462745098
K,4,Ib,4.8,3.15E+04,4.22E+02,3800,1.36,-5,-1.5,-6.5,1,0.788235294,0.462745098
K,4,II,3.8,3.15E+03,1.33E+02,3800,1.36,-2.5,-1.5,-4,1,0.854901961,0.631372549
K,4,III,2.7,3.45E+02,4.42E+01,3800,1.36,-0.1,-1.5,-1.6,1,0.82745098,0.57254902
K,4,IV,1.7,1.03E+01,5.84E+00,4340,1.15,3.1,-0.88,2.22,1,0.854901961,0.650980392
K,4,V,0.7,3.10E-01,1.02E+00,4340,1.15,6.9,-0.88,6.02,1,0.847058824,0.709803922
K,4,VI,0.5,9.36E-02,5.58E-01,4340,1.15,8.2,-0.88,7.32,1,0.847058824,0.709803922
K,5,Ia0,15.8,1.90E+06,3.46E+03,3700,1.41,-9.3,-1.65,-10.95,1,0.819607843,0.603921569
K,5,Ia,10.4,3.01E+05,1.38E+03,3700,1.41,-7.3,-1.65,-8.95,1,0.819607843,0.603921569
K,5,Ib,5,3.96E+04,4.99E+02,3700,1.41,-5.1,-1.65,-6.75,1,0.819607843,0.603921569
K,5,II,3.9,3.62E+03,1.51E+02,3700,1.41,-2.5,-1.65,-4.15,1,0.847058824,0.611764706
K,5,III,2.8,4.35E+02,5.23E+01,3700,1.41,-0.2,-1.65,-1.85,1,0.8,0.541176471
K,5,IV,1.8,1.06E+01,6.33E+00,4200,1.2,3.2,-1.01,2.19,1,0.850980392,0.647058824
K,5,V,0.7,2.66E-01,1.00E+00,4200,1.2,7.2,-1.01,6.19,1,0.823529412,0.631372549
K,5,VI,0.5,8.80E-02,5.78E-01,4200,1.2,8.4,-1.01,7.39,1,0.823529412,0.631372549
K,6,Ia0,15.8,1.85E+06,3.38E+03,3717,1.4,-9.3,-1.62,-10.92,1,0.815686275,0.596078431
K,6,Ia,10.6,2.94E+05,1.35E+03,3717,1.4,-7.3,-1.62,-8.92,1,0.815686275,0.596078431
K,6,Ib,5.3,4.24E+04,5.12E+02,3717,1.4,-5.2,-1.62,-6.82,1,0.815686275,0.596078431
K,6,II,4.2,3.53E+03,1.48E+02,3717,1.4,-2.5,-1.62,-4.12,1,0.839215686,0.596078431
K,6,III,3,4.65E+02,5.36E+01,3717,1.4,-0.3,-1.62,-1.92,1,0.807843137,0.549019608
K,6,IV,1.8,1.22E+01,7.26E+00,4060,1.26,3.2,-1.16,2.04,1,0.847058824,0.643137255
K,6,V,0.6,2.11E-01,9.57E-01,4060,1.26,7.6,-1.16,6.44,1,0.803921569,0.596078431
K,6,VI,0.5,7.67E-02,5.77E-01,4060,1.26,8.7,-1.16,7.54,1,0.803921569,0.596078431
K,7,Ia0,15.8,1.81E+06,3.32E+03,3733,1.39,-9.3,-1.59,-10.89,1,0.811764706,0.588235294
K,7,Ia,10.7,2.62E+05,1.26E+03,3733,1.39,-7.2,-1.59,-8.79,1,0.811764706,0.588235294
K,7,Ib,5.7,4.55E+04,5.26E+02,3733,1.39,-5.3,-1.59,-6.89,1,0.811764706,0.588235294
K,7,II,4.4,3.45E+03,1.45E+02,3733,1.39,-2.5,-1.59,-4.09,1,0.831372549,0.576470588
K,7,III,3.1,4.99E+02,5.50E+01,3733,1.39,-0.4,-1.59,-1.99,1,0.815686275,0.556862745
K,7,IV,1.9,1.42E+01,8.43E+00,3920,1.31,3.2,-1.33,1.87,1,0.847058824,0.639215686
K,7,V,0.6,1.87E-01,9.67E-01,3920,1.31,7.9,-1.33,6.57,1,0.780392157,0.556862745
K,7,VI,0.4,6.80E-02,5.83E-01,3920,1.31,9,-1.33,7.67,1,0.780392157,0.556862745
K,8,Ia0,15.8,1.77E+06,3.25E+03,3750,1.38,-9.3,-1.57,-10.87,1,0.807843137,0.576470588
K,8,Ia,10.9,2.56E+05,1.23E+03,3750,1.38,-7.2,-1.57,-8.77,1,0.807843137,0.576470588
K,8,Ib,6,4.44E+04,5.15E+02,3750,1.38,-5.3,-1.57,-6.87,1,0.807843137,0.576470588
K,8,II,4.6,3.69E+03,1.48E+02,3750,1.38,-2.6,-1.57,-4.17,1,0.823529412,0.556862745
K,8,III,3.3,5.34E+02,5.64E+01,3750,1.38,-0.5,-1.57,-2.07,1,0.807843137,0.545098039
K,8,IV,1.9,1.70E+01,9.90E+00,3780,1.37,3.2,-1.52,1.68,1,0.843137255,0.635294118
K,8,V,0.6,1.55E-01,9.46E-01,3780,1.37,8.3,-1.52,6.78,1,0.819607843,0.682352941
K,8,VI,0.3,5.62E-02,5.70E-01,3780,1.37,9.4,-1.52,7.88,1,0.819607843,0.682352941
K,9,Ia0,15.8,1.83E+06,3.35E+03,3725,1.39,-9.3,-1.61,-10.91,1,0.803921569,0.568627451
K,9,Ia,11.1,2.65E+05,1.27E+03,3725,1.39,-7.2,-1.61,-8.81,1,0.803921569,0.568627451
K,9,Ib,6.3,5.04E+04,5.56E+02,3725,1.39,-5.4,-1.61,-7.01,1,0.803921569,0.568627451
K,9,II,4.9,3.83E+03,1.53E+02,3725,1.39,-2.6,-1.61,-4.21,1,0.819607843,0.541176471
K,9,III,3.4,6.06E+02,6.09E+01,3725,1.39,-0.6,-1.61,-2.21,1,0.803921569,0.529411765
K,9,IV,2,2.07E+01,1.18E+01,3640,1.43,3.2,-1.74,1.46,1,0.839215686,0.631372549
K,9,V,0.5,1.44E-01,9.82E-01,3640,1.43,8.6,-1.74,6.86,1,0.792156863,0.615686275
K,9,VI,0.3,4.33E-02,5.40E-01,3640,1.43,9.9,-1.74,8.16,1,0.792156863,0.615686275
M,0,Ia0,15.8,1.90E+06,3.46E+03,3700,1.41,-9.3,-1.65,-10.95,1,0.8,0.560784314
M,0,Ia,13.3,2.74E+05,1.31E+03,3700,1.41,-7.2,-1.65,-8.85,1,0.8,0.560784314
M,0,Ib,10.7,5.73E+04,6.00E+02,3700,1.41,-5.5,-1.65,-7.15,1,0.8,0.560784314
M,0,II,8.2,3.96E+03,1.58E+02,3700,1.41,-2.6,-1.65,-4.25,1,0.811764706,0.521568627
M,0,III,5.6,6.89E+02,6.58E+01,3700,1.41,-0.7,-1.65,-2.35,1,0.796078431,0.517647059
M,0,IV,3.1,2.60E+01,1.43E+01,3500,1.49,3.2,-1.99,1.21,1,0.835294118,0.62745098
M,0,V,0.5,1.25E-01,9.90E-01,3500,1.49,9,-1.99,7.01,1,0.764705882,0.545098039
M,0,VI,0.2,3.76E-02,5.44E-01,3500,1.49,10.3,-1.99,8.31,1,0.764705882,0.545098039
M,1,Ia0,15.1,2.56E+06,4.46E+03,3510,1.49,-9.3,-1.97,-11.27,1,0.792156863,0.541176471
M,1,Ia,12.7,3.37E+05,1.62E+03,3510,1.49,-7.1,-1.97,-9.07,1,0.792156863,0.541176471
M,1,Ib,10.2,7.73E+04,7.75E+02,3510,1.49,-5.5,-1.97,-7.47,1,0.792156863,0.541176471
M,1,II,7.8,5.86E+03,2.13E+02,3510,1.49,-2.7,-1.97,-4.67,1,0.803921569,0.501960784
M,1,III,5.3,9.29E+02,8.50E+01,3510,1.49,-0.7,-1.97,-2.67,1,0.784313725,0.474509804
M,1,IV,2.9,3.55E+01,1.84E+01,3333,1.57,3.2,-2.33,0.87,1,0.831372549,0.623529412
M,1,V,0.5,6.18E-02,7.68E-01,3333,1.57,10.1,-2.33,7.77,1,0.8,0.556862745
M,1,VI,0.2,1.86E-02,4.22E-01,3333,1.57,11.4,-2.33,9.07,1,0.8,0.556862745
M,2,Ia0,14.5,3.65E+06,5.95E+03,3320,1.58,-9.3,-2.36,-11.66,1,0.756862745,0.407843137
M,2,Ia,12.1,4.81E+05,2.16E+03,3320,1.58,-7.1,-2.36,-9.46,1,0.756862745,0.407843137
M,2,Ib,9.8,1.10E+05,1.03E+03,3320,1.58,-5.5,-2.36,-7.86,1,0.756862745,0.407843137
M,2,II,7.4,8.36E+03,2.85E+02,3320,1.58,-2.7,-2.36,-5.06,1,0.796078431,0.48627451
M,2,III,5.1,1.21E+03,1.08E+02,3320,1.58,-0.6,-2.36,-2.96,1,0.776470588,0.462745098
M,2,IV,2.7,5.09E+01,2.44E+01,3167,1.65,3.2,-2.72,0.48,1,0.82745098,0.615686275
M,2,V,0.4,3.21E-02,6.14E-01,3167,1.65,11.2,-2.72,8.48,1,0.768627451,0.51372549
M,2,VI,0.2,8.85E-03,3.22E-01,3167,1.65,12.6,-2.72,9.88,1,0.768627451,0.51372549
M,3,Ia0,13.8,5.07E+06,7.89E+03,3130,1.67,-9.2,-2.81,-12.01,1,0.752941176,0.462745098
M,3,Ia,11.6,7.33E+05,3.00E+03,3130,1.67,-7.1,-2.81,-9.91,1,0.752941176,0.462745098
M,3,Ib,9.3,1.68E+05,1.44E+03,3130,1.67,-5.5,-2.81,-8.31,1,0.752941176,0.462745098
M,3,II,7.1,1.40E+04,4.14E+02,3130,1.67,-2.8,-2.81,-5.61,1,0.788235294,0.466666667
M,3,III,4.8,1.84E+03,1.50E+02,3130,1.67,-0.6,-2.81,-3.41,1,0.784313725,0.466666667
M,3,IV,2.6,7.76E+01,3.36E+01,3000,1.74,3.2,-3.18,0.02,1,0.823529412,0.611764706
M,3,V,0.3,1.78E-02,5.09E-01,3000,1.74,12.3,-3.18,9.12,1,0.807843137,0.505882353
M,3,VI,0.2,4.90E-03,2.67E-01,3000,1.74,13.7,-3.18,10.52,1,0.807843137,0.505882353
M,4,Ia0,13.2,8.38E+06,1.15E+04,2940,1.77,-9.2,-3.36,-12.56,1,0.725490196,0.407843137
M,4,Ia,11,1.10E+06,4.18E+03,2940,1.77,-7,-3.36,-10.36,1,0.725490196,0.407843137
M,4,Ib,8.9,2.77E+05,2.09E+03,2940,1.77,-5.5,-3.36,-8.86,1,0.725490196,0.407843137
M,4,II,6.7,2.31E+04,6.04E+02,2940,1.77,-2.8,-3.36,-6.16,1,0.780392157,0.447058824
M,4,III,4.6,2.77E+03,2.09E+02,2940,1.77,-0.5,-3.36,-3.86,1,0.807843137,0.498039216
M,4,IV,2.4,1.27E+02,4.83E+01,2833,1.83,3.2,-3.71,-0.51,1,0.819607843,0.607843137
M,4,V,0.3,1.06E-02,4.40E-01,2833,1.83,13.4,-3.71,9.69,1,0.788235294,0.498039216
M,4,VI,0.1,2.66E-03,2.21E-01,2833,1.83,14.9,-3.71,11.19,1,0.788235294,0.498039216
M,5,Ia0,12.5,1.53E+07,1.78E+04,2750,1.88,-9.2,-4.01,-13.21,1,0.698039216,0.305882353
M,5,Ia,10.5,2.02E+06,6.45E+03,2750,1.88,-7,-4.01,-11.01,1,0.698039216,0.305882353
M,5,Ib,8.4,5.07E+05,3.23E+03,2750,1.88,-5.5,-4.01,-9.51,1,0.698039216,0.305882353
M,5,II,6.4,4.62E+04,9.76E+02,2750,1.88,-2.9,-4.01,-6.91,1,0.77254902,0.431372549
M,5,III,4.3,5.07E+03,3.23E+02,2750,1.88,-0.5,-4.01,-4.51,1,0.77254902,0.48627451
M,5,IV,2.3,2.07E+02,6.94E+01,2667,1.93,3.3,-4.34,-1.04,1,0.819607843,0.603921569
M,5,V,0.2,6.24E-03,3.81E-01,2667,1.93,14.6,-4.34,10.26,1,0.8,0.435294118
M,5,VI,0.1,1.72E-03,2.00E-01,2667,1.93,16,-4.34,11.66,1,0.8,0.435294118
M,6,Ia0,12.4,2.88E+07,2.81E+04,2560,2,-9.1,-4.8,-13.9,1,0.670588235,0.203921569
M,6,Ia,10.3,4.17E+06,1.07E+04,2560,2,-7,-4.8,-11.8,1,0.670588235,0.203921569
M,6,Ib,8.3,9.55E+05,5.12E+03,2560,2,-5.4,-4.8,-10.2,1,0.670588235,0.203921569
M,6,II,6.3,9.55E+04,1.62E+03,2560,2,-2.9,-4.8,-7.7,1,0.764705882,0.411764706
M,6,III,4.2,9.55E+03,5.12E+02,2560,2,-0.4,-4.8,-5.2,1,0.698039216,0.474509804
M,6,IV,2.2,4.10E+02,1.11E+02,2500,2.03,3.3,-5.08,-1.78,1,0.815686275,0.6
M,6,V,0.2,4.50E-03,3.68E-01,2500,2.03,15.7,-5.08,10.62,1,0.764705882,0.439215686
M,6,VI,0.1,1.63E-03,2.22E-01,2500,2.03,16.8,-5.08,11.72,1,0.764705882,0.439215686
M,7,Ia0,12.3,6.96E+07,5.10E+04,2370,2.12,-9.1,-5.76,-14.86,1,0.643137255,0.101960784
M,7,Ia,10.2,9.18E+06,1.85E+04,2370,2.12,-6.9,-5.76,-12.66,1,0.643137255,0.101960784
M,7,Ib,8.2,2.10E+06,8.87E+03,2370,2.12,-5.3,-5.76,-11.06,1,0.643137255,0.101960784
M,7,II,6.2,2.53E+05,3.07E+03,2370,2.12,-3,-5.76,-8.76,1,0.756862745,0.392156863
M,7,III,4.2,2.10E+04,8.87E+02,2370,2.12,-0.3,-5.76,-6.06,1,0.647058824,0.380392157
M,7,IV,2.1,9.26E+02,1.92E+02,2333,2.14,3.3,-5.97,-2.67,1,0.811764706,0.596078431
M,7,V,0.1,3.69E-03,3.83E-01,2333,2.14,16.8,-5.97,10.83,1,0.77254902,0.435294118
M,7,VI,0.1,1.94E-03,2.78E-01,2333,2.14,17.5,-5.97,11.53,1,0.77254902,0.435294118
M,8,Ia0,12.1,2.05E+08,1.03E+05,2180,2.25,-9.1,-6.93,-16.03,1,0.615686275,0
M,8,Ia,10.1,2.70E+07,3.76E+04,2180,2.25,-6.9,-6.93,-13.83,1,0.615686275,0
M,8,Ib,8.1,5.15E+06,1.64E+04,2180,2.25,-5.1,-6.93,-12.03,1,0.615686275,0
M,8,II,6.1,7.44E+05,6.23E+03,2180,2.25,-3,-6.93,-9.93,1,0.752941176,0.376470588
M,8,III,4.1,5.15E+04,1.64E+03,2180,2.25,-0.1,-6.93,-7.03,1,0.654901961,0.380392157
M,8,IV,2.1,2.44E+03,3.61E+02,2167,2.26,3.3,-7.02,-3.72,1,0.807843137,0.592156863
M,8,V,0.1,3.53E-03,4.34E-01,2167,2.26,17.9,-7.02,10.88,1,0.776470588,0.42745098
M,8,VI,0.1,2.44E-03,3.61E-01,2167,2.26,18.3,-7.02,11.28,1,0.776470588,0.42745098
M,9,Ia0,12,7.11E+08,2.31E+05,1990,2.4,-9,-8.38,-17.38,1,0.615686275,0
M,9,Ia,10,1.03E+08,8.79E+04,1990,2.4,-6.9,-8.38,-15.28,1,0.615686275,0
M,9,Ib,8,1.79E+07,3.67E+04,1990,2.4,-5,-8.38,-13.38,1,0.615686275,0
M,9,II,6,2.83E+06,1.46E+04,1990,2.4,-3,-8.38,-11.38,1,0.745098039,0.356862745
M,9,III,4.1,1.79E+05,3.67E+03,1990,2.4,0,-8.38,-8.38,1,0.91372549,0.603921569
M,9,IV,2.1,7.91E+03,7.64E+02,2000,2.39,3.3,-8.3,-5,1,0.803921569,0.588235294
M,9,V,0.1,4.15E-03,5.53E-01,2000,2.39,19,-8.3,10.7,1,0.776470588,0.423529412
M,9,VI,0.1,4.15E-03,5.53E-01,2000,2.39,19,-8.3,10.7,1,0.776470588,0.423529412
N,0,Ia0,15.8,1.90E+06,3.46E+03,3700,1.41,-9.3,-1.65,-10.95,1,0.8,0.560784314
N,0,Ia,13.3,2.74E+05,1.31E+03,3700,1.41,-7.2,-1.65,-8.85,1,0.8,0.560784314
N,0,Ib,10.7,5.73E+04,6.00E+02,3700,1.41,-5.5,-1.65,-7.15,1,0.8,0.560784314
N,0,II,8.2,3.96E+03,1.58E+02,3700,1.41,-2.6,-1.65,-4.25,1,0.811764706,0.521568627
N,0,III,5.6,6.89E+02,6.58E+01,3700,1.41,-0.7,-1.65,-2.35,1,0.796078431,0.517647059
N,0,IV,3.1,2.60E+01,1.43E+01,3500,1.49,3.2,-1.99,1.21,1,0.835294118,0.62745098
N,0,V,0.5,1.25E-01,9.90E-01,3500,1.49,9,-1.99,7.01,1,0.764705882,0.545098039
N,0,VI,0.2,3.76E-02,5.44E-01,3500,1.49,10.3,-1.99,8.31,1,0.764705882,0.545098039
N,1,Ia0,15.1,2.56E+06,4.46E+03,3510,1.49,-9.3,-1.97,-11.27,1,0.792156863,0.541176471
N,1,Ia,12.7,3.37E+05,1.62E+03,3510,1.49,-7.1,-1.97,-9.07,1,0.792156863,0.541176471
N,1,Ib,10.2,7.73E+04,7.75E+02,3510,1.49,-5.5,-1.97,-7.47,1,0.792156863,0.541176471
N,1,II,7.8,5.86E+03,2.13E+02,3510,1.49,-2.7,-1.97,-4.67,1,0.803921569,0.501960784
N,1,III,5.3,9.29E+02,8.50E+01,3510,1.49,-0.7,-1.97,-2.67,1,0.784313725,0.474509804
N,1,IV,2.9,3.55E+01,1.84E+01,3333,1.57,3.2,-2.33,0.87,1,0.831372549,0.623529412
N,1,V,0.5,6.18E-02,7.68E-01,3333,1.57,10.1,-2.33,7.77,1,0.8,0.556862745
N,1,VI,0.2,1.86E-02,4.22E-01,3333,1.57,11.4,-2.33,9.07,1,0.8,0.556862745
N,2,Ia0,14.5,3.65E+06,5.95E+03,3320,1.58,-9.3,-2.36,-11.66,1,0.756862745,0.407843137
N,2,Ia,12.1,4.81E+05,2.16E+03,3320,1.58,-7.1,-2.36,-9.46,1,0.756862745,0.407843137
N,2,Ib,9.8,1.10E+05,1.03E+03,3320,1.58,-5.5,-2.36,-7.86,1,0.756862745,0.407843137
N,2,II,7.4,8.36E+03,2.85E+02,3320,1.58,-2.7,-2.36,-5.06,1,0.796078431,0.48627451
N,2,III,5.1,1.21E+03,1.08E+02,3320,1.58,-0.6,-2.36,-2.96,1,0.776470588,0.462745098
N,2,IV,2.7,5.09E+01,2.44E+01,3167,1.65,3.2,-2.72,0.48,1,0.82745098,0.615686275
N,2,V,0.4,3.21E-02,6.14E-01,3167,1.65,11.2,-2.72,8.48,1,0.768627451,0.51372549
N,2,VI,0.2,8.85E-03,3.22E-01,3167,1.65,12.6,-2.72,9.88,1,0.768627451,0.51372549
N,3,Ia0,13.8,5.07E+06,7.89E+03,3130,1.67,-9.2,-2.81,-12.01,1,0.752941176,0.462745098
N,3,Ia,11.6,7.33E+05,3.00E+03,3130,1.67,-7.1,-2.81,-9.91,1,0.752941176,0.462745098
N,3,Ib,9.3,1.68E+05,1.44E+03,3130,1.67,-5.5,-2.81,-8.31,1,0.752941176,0.462745098
N,3,II,7.1,1.40E+04,4.14E+02,3130,1.67,-2.8,-2.81,-5.61,1,0.788235294,0.466666667
N,3,III,4.8,1.84E+03,1.50E+02,3130,1.67,-0.6,-2.81,-3.41,1,0.784313725,0.466666667
N,3,IV,2.6,7.76E+01,3.36E+01,3000,1.74,3.2,-3.18,0.02,1,0.823529412,0.611764706
N,3,V,0.3,1.78E-02,5.09E-01,3000,1.74,12.3,-3.18,9.12,1,0.807843137,0.505882353
N,3,VI,0.2,4.90E-03,2.67E-01,3000,1.74,13.7,-3.18,10.52,1,0.807843137,0.505882353
N,4,Ia0,13.2,8.38E+06,1.15E+04,2940,1.77,-9.2,-3.36,-12.56,1,0.725490196,0.407843137
N,4,Ia,11,1.10E+06,4.18E+03,2940,1.77,-7,-3.36,-10.36,1,0.725490196,0.407843137
N,4,Ib,8.9,2.77E+05,2.09E+03,2940,1.77,-5.5,-3.36,-8.86,1,0.725490196,0.407843137
N,4,II,6.7,2.31E+04,6.04E+02,2940,1.77,-2.8,-3.36,-6.16,1,0.780392157,0.447058824
N,4,III,4.6,2.77E+03,2.09E+02,2940,1.77,-0.5,-3.36,-3.86,1,0.807843137,0.498039216
N,4,IV,2.4,1.27E+02,4.83E+01,2833,1.83,3.2,-3.71,-0.51,1,0.819607843,0.607843137
N,4,V,0.3,1.06E-02,4.40E-01,2833,1.83,13.4,-3.71,9.69,1,0.788235294,0.498039216
N,4,VI,0.1,2.66E-03,2.21E-01,2833,1.83,14.9,-3.71,11.19,1,0.788235294,0.498039216
N,5,Ia0,12.5,1.53E+07,1.78E+04,2750,1.88,-9.2,-4.01,-13.21,1,0.698039216,0.305882353
N,5,Ia,10.5,2.02E+06,6.45E+03,2750,1.88,-7,-4.01,-11.01,1,0.698039216,0.305882353
N,5,Ib,8.4,5.07E+05,3.23E+03,2750,1.88,-5.5,-4.01,-9.51,1,0.698039216,0.305882353
N,5,II,6.4,4.62E+04,9.76E+02,2750,1.88,-2.9,-4.01,-6.91,1,0.77254902,0.431372549
N,5,III,4.3,5.07E+03,3.23E+02,2750,1.88,-0.5,-4.01,-4.51,1,0.77254902,0.48627451
N,5,IV,2.3,2.07E+02,6.94E+01,2667,1.93,3.3,-4.34,-1.04,1,0.819607843,0.603921569
N,5,V,0.2,6.24E-03,3.81E-01,2667,1.93,14.6,-4.34,10.26,1,0.8,0.435294118
N,5,VI,0.1,1.72E-03,2.00E-01,2667,1.93,16,-4.34,11.66,1,0.8,0.435294118
N,6,Ia0,12.4,2.88E+07,2.81E+04,2560,2,-9.1,-4.8,-13.9,1,0.670588235,0.203921569
N,6,Ia,10.3,4.17E+06,1.07E+04,2560,2,-7,-4.8,-11.8,1,0.670588235,0.203921569
N,6,Ib,8.3,9.55E+05,5.12E+03,2560,2,-5.4,-4.8,-10.2,1,0.670588235,0.203921569
N,6,II,6.3,9.55E+04,1.62E+03,2560,2,-2.9,-4.8,-7.7,1,0.764705882,0.411764706
N,6,III,4.2,9.55E+03,5.12E+02,2560,2,-0.4,-4.8,-5.2,1,0.698039216,0.474509804
N,6,IV,2.2,4.10E+02,1.11E+02,2500,2.03,3.3,-5.08,-1.78,1,0.815686275,0.6
N,6,V,0.2,4.50E-03,3.68E-01,2500,2.03,15.7,-5.08,10.62,1,0.764705882,0.439215686
N,6,VI,0.1,1.63E-03,2.22E-01,2500,2.03,16.8,-5.08,11.72,1,0.764705882,0.439215686
N,7,Ia0,12.3,6.96E+07,5.10E+04,2370,2.12,-9.1,-5.76,-14.86,1,0.643137255,0.101960784
N,7,Ia,10.2,9.18E+06,1.85E+04,2370,2.12,-6.9,-5.76,-12.66,1,0.643137255,0.101960784
N,7,Ib,8.2,2.10E+06,8.87E+03,2370,2.12,-5.3,-5.76,-11.06,1,0.643137255,0.101960784
N,7,II,6.2,2.53E+05,3.07E+03,2370,2.12,-3,-5.76,-8.76,1,0.756862745,0.392156863
N,7,III,4.2,2.10E+04,8.87E+02,2370,2.12,-0.3,-5.76,-6.06,1,0.647058824,0.380392157
N,7,IV,2.1,9.26E+02,1.92E+02,2333,2.14,3.3,-5.97,-2.67,1,0.811764706,0.596078431
N,7,V,0.1,3.69E-03,3.83E-01,2333,2.14,16.8,-5.97,10.83,1,0.77254902,0.435294118
N,7,VI,0.1,1.94E-03,2.78E-01,2333,2.14,17.5,-5.97,11.53,1,0.77254902,0.435294118
N,8,Ia0,12.1,2.05E+08,1.03E+05,2180,2.25,-9.1,-6.93,-16.03,1,0.615686275,0
N,8,Ia,10.1,2.70E+07,3.76E+04,2180,2.25,-6.9,-6.93,-13.83,1,0.615686275,0
N,8,Ib,8.1,5.15E+06,1.64E+04,2180,2.25,-5.1,-6.93,-12.03,1,0.615686275,0
N,8,II,6.1,7.44E+05,6.23E+03,2180,2.25,-3,-6.93,-9.93,1,0.752941176,0.376470588
N,8,III,4.1,5.15E+04,1.64E+03,2180,2.25,-0.1,-6.93,-7.03,1,0.654901961,0.380392157
N,8,IV,2.1,2.44E+03,3.61E+02,2167,2.26,3.3,-7.02,-3.72,1,0.807843137,0.592156863
N,8,V,0.1,3.53E-03,4.34E-01,2167,2.26,17.9,-7.02,10.88,1,0.776470588,0.42745098
N,8,VI,0.1,2.44E-03,3.61E-01,2167,2.26,18.3,-7.02,11.28,1,0.776470588,0.42745098
N,9,Ia0,12,7.11E+08,2.31E+05,1990,2.4,-9,-8.38,-17.38,1,0.615686275,0
N,9,Ia,10,1.03E+08,8.79E+04,1990,2.4,-6.9,-8.38,-15.28,1,0.615686275,0
N,9,Ib,8,1.79E+07,3.67E+04,1990,2.4,-5,-8.38,-13.38,1,0.615686275,0
N,9,II,6,2.83E+06,1.46E+04,1990,2.4,-3,-8.38,-11.38,1,0.745098039,0.356862745
N,9,III,4.1,1.79E+05,3.67E+03,1990,2.4,0,-8.38,-8.38,1,0.91372549,0.603921569
N,9,IV,2.1,7.91E+03,7.64E+02,2000,2.39,3.3,-8.3,-5,1,0.803921569,0.588235294
N,9,V,0.1,4.15E-03,5.53E-01,2000,2.39,19,-8.3,10.7,1,0.776470588,0.423529412
N,9,VI,0.1,4.15E-03,5.53E-01,2000,2.39,19,-8.3,10.7,1,0.776470588,0.423529412
WC,0,Ia0,160,3.41E+07,8.02E+01,50000,-0.35,-9.5,-4.58,-14.08,0.564705882,0.650980392,1
WC,0,Ia,150,2.59E+06,2.21E+01,50000,-0.35,-6.7,-4.58,-11.28,0.564705882,0.650980392,1
WC,0,Ib,140,2.15E+06,2.02E+01,50000,-0.35,-6.5,-4.58,-11.08,0.564705882,0.650980392,1
WC,0,II,130,2.15E+06,2.02E+01,50000,-0.35,-6.5,-4.58,-11.08,0.564705882,0.650980392,1
WC,0,III,120,2.15E+06,2.02E+01,50000,-0.35,-6.5,-4.58,-11.08,0.564705882,0.650980392,1
WC,0,IV,110,1.36E+06,1.60E+01,50000,-0.35,-6,-4.58,-10.58,0.564705882,0.650980392,1
WC,0,V,100,1.24E+06,1.53E+01,50000,-0.35,-5.9,-4.58,-10.48,0.564705882,0.650980392,1
WC,0,VI,60,9.40E+05,1.33E+01,50000,-0.35,-5.6,-4.58,-10.18,0.564705882,0.650980392,1
WC,1,Ia0,159.7,2.71E+07,7.88E+01,47600,-0.35,-9.4,-4.43,-13.83,0.57254902,0.658823529,1
WC,1,Ia,149.3,2.25E+06,2.27E+01,47600,-0.35,-6.7,-4.43,-11.13,0.57254902,0.658823529,1
WC,1,Ib,139,1.87E+06,2.07E+01,47600,-0.35,-6.5,-4.43,-10.93,0.57254902,0.658823529,1
WC,1,II,128.6,1.73E+06,1.98E+01,47800,-0.35,-6.4,-4.44,-10.84,0.57254902,0.658823529,1
WC,1,III,118.2,1.58E+06,1.89E+01,47800,-0.35,-6.3,-4.44,-10.74,0.57254902,0.658823529,1
WC,1,IV,107.9,1.09E+06,1.57E+01,47800,-0.35,-5.9,-4.44,-10.34,0.568627451,0.654901961,1
WC,1,V,97.5,9.94E+05,1.50E+01,47800,-0.35,-5.8,-4.44,-10.24,0.57254902,0.658823529,1
WC,1,VI,37,7.54E+05,1.31E+01,47800,-0.35,-5.5,-4.44,-9.94,0.57254902,0.658823529,1
WC,2,Ia0,159.4,2.14E+07,7.77E+01,45200,-0.35,-9.3,-4.28,-13.58,0.580392157,0.666666667,1
WC,2,Ia,148.6,2.14E+06,2.46E+01,45200,-0.35,-6.8,-4.28,-11.08,0.580392157,0.666666667,1
WC,2,Ib,137.9,1.62E+06,2.14E+01,45200,-0.35,-6.5,-4.28,-10.78,0.580392157,0.666666667,1
WC,2,II,127.2,1.52E+06,2.03E+01,45600,-0.35,-6.4,-4.3,-10.7,0.580392157,0.666666667,1
WC,2,III,116.5,1.26E+06,1.85E+01,45600,-0.35,-6.2,-4.3,-10.5,0.580392157,0.662745098,1
WC,2,IV,105.7,8.72E+05,1.54E+01,45600,-0.35,-5.8,-4.3,-10.1,0.57254902,0.662745098,1
WC,2,V,95,7.95E+05,1.47E+01,45600,-0.35,-5.7,-4.3,-10,0.580392157,0.666666667,1
WC,2,VI,30,6.03E+05,1.28E+01,45600,-0.35,-5.4,-4.3,-9.7,0.580392157,0.666666667,1
WC,3,Ia0,159,1.68E+07,7.69E+01,42800,-0.34,-9.2,-4.12,-13.32,0.592156863,0.674509804,1
WC,3,Ia,148,1.85E+06,2.55E+01,42800,-0.34,-6.8,-4.12,-10.92,0.592156863,0.674509804,1
WC,3,Ib,136.9,1.40E+06,2.22E+01,42800,-0.34,-6.5,-4.12,-10.62,0.592156863,0.674509804,1
WC,3,II,125.8,1.21E+06,2.00E+01,43400,-0.34,-6.3,-4.16,-10.46,0.584313725,0.678431373,1
WC,3,III,114.7,9.17E+05,1.75E+01,43400,-0.34,-6,-4.16,-10.16,0.588235294,0.670588235,1
WC,3,IV,103.6,6.96E+05,1.52E+01,43400,-0.34,-5.7,-4.16,-9.86,0.580392157,0.666666667,1
WC,3,V,92.5,6.34E+05,1.45E+01,43400,-0.34,-5.6,-4.16,-9.76,0.592156863,0.674509804,1
WC,3,VI,23,4.81E+05,1.26E+01,43400,-0.34,-5.3,-4.16,-9.46,0.592156863,0.674509804,1
WC,4,Ia0,158.7,1.32E+07,7.64E+01,40400,-0.33,-9.1,-3.95,-13.05,0.6,0.682352941,1
WC,4,Ia,147.3,1.74E+06,2.77E+01,40400,-0.33,-6.9,-3.95,-10.85,0.6,0.682352941,1
WC,4,Ib,135.8,1.20E+06,2.31E+01,40400,-0.33,-6.5,-3.95,-10.45,0.6,0.682352941,1
WC,4,II,124.4,9.60E+05,1.98E+01,41200,-0.34,-6.2,-4.01,-10.21,0.592156863,0.68627451,1
WC,4,III,112.9,7.28E+05,1.73E+01,41200,-0.34,-5.9,-4.01,-9.91,0.596078431,0.674509804,1
WC,4,IV,101.5,5.52E+05,1.50E+01,41200,-0.34,-5.6,-4.01,-9.61,0.584313725,0.670588235,1
WC,4,V,90,5.04E+05,1.44E+01,41200,-0.34,-5.5,-4.01,-9.51,0.6,0.682352941,1
WC,4,VI,20,3.82E+05,1.25E+01,41200,-0.34,-5.2,-4.01,-9.21,0.6,0.682352941,1
WC,5,Ia0,158.4,1.03E+07,7.62E+01,38000,-0.33,-9,-3.78,-12.78,0.607843137,0.690196078,1
WC,5,Ia,142,1.48E+06,2.90E+01,38000,-0.33,-6.9,-3.78,-10.68,0.607843137,0.690196078,1
WC,5,Ib,125.6,1.03E+06,2.41E+01,38000,-0.33,-6.5,-3.78,-10.28,0.607843137,0.690196078,1
WC,5,II,109.2,7.59E+05,1.97E+01,39000,-0.33,-6.1,-3.85,-9.95,0.6,0.694117647,1
WC,5,III,92.8,5.25E+05,1.64E+01,39000,-0.33,-5.7,-3.85,-9.55,0.603921569,0.682352941,1
WC,5,IV,76.4,4.37E+05,1.49E+01,39000,-0.33,-5.5,-3.85,-9.35,0.588235294,0.674509804,1
WC,5,V,60,3.98E+05,1.42E+01,39000,-0.33,-5.4,-3.85,-9.25,0.607843137,0.690196078,1
WC,5,VI,17.5,3.02E+05,1.24E+01,39000,-0.33,-5.1,-3.85,-8.95,0.607843137,0.690196078,1
WC,6,Ia0,136.7,7.81E+06,7.66E+01,35400,-0.32,-8.9,-3.58,-12.48,0.615686275,0.698039216,1
WC,6,Ia,120.1,1.36E+06,3.19E+01,35400,-0.32,-7,-3.58,-10.58,0.615686275,0.698039216,1
WC,6,Ib,103.5,7.81E+05,2.42E+01,35400,-0.32,-6.4,-3.58,-9.98,0.615686275,0.698039216,1
WC,6,II,86.9,6.54E+05,2.05E+01,36800,-0.32,-6.1,-3.69,-9.79,0.607843137,0.701960784,1
WC,6,III,70.2,3.76E+05,1.56E+01,36800,-0.32,-5.5,-3.69,-9.19,0.611764706,0.68627451,1
WC,6,IV,53.6,3.13E+05,1.42E+01,36800,-0.32,-5.3,-3.69,-8.99,0.592156863,0.682352941,1
WC,6,V,37,2.60E+05,1.29E+01,36800,-0.32,-5.1,-3.69,-8.79,0.635294118,0.721568627,1
WC,6,VI,14.2,1.80E+05,1.08E+01,36800,-0.32,-4.7,-3.69,-8.39,0.635294118,0.721568627,1
WC,7,Ia0,115.1,5.88E+06,7.74E+01,32800,-0.31,-8.8,-3.37,-12.17,0.62745098,0.709803922,1
WC,7,Ia,100.9,1.12E+06,3.38E+01,32800,-0.31,-7,-3.37,-10.37,0.62745098,0.709803922,1
WC,7,Ib,86.7,5.88E+05,2.45E+01,32800,-0.31,-6.3,-3.37,-9.67,0.62745098,0.709803922,1
WC,7,II,72.5,5.10E+05,2.05E+01,34600,-0.32,-6,-3.52,-9.52,0.611764706,0.709803922,1
WC,7,III,58.4,2.94E+05,1.55E+01,34600,-0.32,-5.4,-3.52,-8.92,0.619607843,0.694117647,1
WC,7,IV,44.2,2.23E+05,1.35E+01,34600,-0.32,-5.1,-3.52,-8.62,0.596078431,0.68627451,1
WC,7,V,30,1.54E+05,1.13E+01,34600,-0.32,-4.7,-3.52,-8.22,0.615686275,0.694117647,1
WC,7,VI,10.9,1.07E+05,9.36E+00,34600,-0.32,-4.3,-3.52,-7.82,0.615686275,0.694117647,1
WC,8,Ia0,93.4,4.37E+06,7.87E+01,30200,-0.3,-8.7,-3.15,-11.85,0.635294118,0.717647059,1
WC,8,Ia,81.7,9.13E+05,3.60E+01,30200,-0.3,-7,-3.15,-10.15,0.635294118,0.717647059,1
WC,8,Ib,69.9,4.37E+05,2.49E+01,30200,-0.3,-6.2,-3.15,-9.35,0.635294118,0.717647059,1
WC,8,II,58.2,3.60E+05,1.96E+01,32400,-0.31,-5.8,-3.34,-9.14,0.619607843,0.717647059,1
WC,8,III,46.5,2.07E+05,1.49E+01,32400,-0.31,-5.2,-3.34,-8.54,0.615686275,0.698039216,1
WC,8,IV,34.7,1.57E+05,1.30E+01,32400,-0.31,-4.9,-3.34,-8.24,0.6,0.690196078,1
WC,8,V,23,9.91E+04,1.03E+01,32400,-0.31,-4.4,-3.34,-7.74,0.615686275,0.694117647,1
WC,8,VI,7.6,5.70E+04,7.81E+00,32400,-0.31,-3.8,-3.34,-7.14,0.615686275,0.694117647,1
WC,9,Ia0,71.8,3.19E+06,8.05E+01,27600,-0.29,-8.6,-2.91,-11.51,0.643137255,0.725490196,1
WC,9,Ia,63.1,7.31E+05,3.85E+01,27600,-0.29,-7,-2.91,-9.91,0.643137255,0.725490196,1
WC,9,Ib,54.5,3.19E+05,2.55E+01,27600,-0.29,-6.1,-2.91,-9.01,0.643137255,0.725490196,1
WC,9,II,45.9,2.76E+05,1.98E+01,30200,-0.3,-5.7,-3.15,-8.85,0.62745098,0.729411765,1
WC,9,III,37.3,1.59E+05,1.50E+01,30200,-0.3,-5.1,-3.15,-8.25,0.619607843,0.694117647,1
WC,9,IV,28.6,1.10E+05,1.25E+01,30200,-0.3,-4.7,-3.15,-7.85,0.607843137,0.694117647,1
WC,9,V,20,5.76E+04,9.04E+00,30200,-0.3,-4,-3.15,-7.15,0.603921569,0.698039216,1
WC,9,VI,6.7,3.31E+04,6.85E+00,30200,-0.3,-3.4,-3.15,-6.55,0.603921569,0.698039216,1
WN,0,Ia0,160,3.41E+07,8.02E+01,50000,-0.35,-9.5,-4.58,-14.08,0.564705882,0.650980392,1
WN,0,Ia,150,2.59E+06,2.21E+01,50000,-0.35,-6.7,-4.58,-11.28,0.564705882,0.650980392,1
WN,0,Ib,140,2.15E+06,2.02E+01,50000,-0.35,-6.5,-4.58,-11.08,0.564705882,0.650980392,1
WN,0,II,130,2.15E+06,2.02E+01,50000,-0.35,-6.5,-4.58,-11.08,0.564705882,0.650980392,1
WN,0,III,120,2.15E+06,2.02E+01,50000,-0.35,-6.5,-4.58,-11.08,0.564705882,0.650980392,1
WN,0,IV,110,1.36E+06,1.60E+01,50000,-0.35,-6,-4.58,-10.58,0.564705882,0.650980392,1
WN,0,V,100,1.24E+06,1.53E+01,50000,-0.35,-5.9,-4.58,-10.48,0.564705882,0.650980392,1
WN,0,VI,60,9.40E+05,1.33E+01,50000,-0.35,-5.6,-4.58,-10.18,0.564705882,0.650980392,1
WN,1,Ia0,159.7,2.71E+07,7.88E+01,47600,-0.35,-9.4,-4.43,-13.83,0.57254902,0.658823529,1
WN,1,Ia,149.3,2.25E+06,2.27E+01,47600,-0.35,-6.7,-4.43,-11.13,0.57254902,0.658823529,1
WN,1,Ib,139,1.87E+06,2.07E+01,47600,-0.35,-6.5,-4.43,-10.93,0.57254902,0.658823529,1
WN,1,II,128.6,1.73E+06,1.98E+01,47800,-0.35,-6.4,-4.44,-10.84,0.57254902,0.658823529,1
WN,1,III,118.2,1.58E+06,1.89E+01,47800,-0.35,-6.3,-4.44,-10.74,0.57254902,0.658823529,1
WN,1,IV,107.9,1.09E+06,1.57E+01,47800,-0.35,-5.9,-4.44,-10.34,0.568627451,0.654901961,1
WN,1,V,97.5,9.94E+05,1.50E+01,47800,-0.35,-5.8,-4.44,-10.24,0.57254902,0.658823529,1
WN,1,VI,37,7.54E+05,1.31E+01,47800,-0.35,-5.5,-4.44,-9.94,0.57254902,0.658823529,1
WN,2,Ia0,159.4,2.14E+07,7.77E+01,45200,-0.35,-9.3,-4.28,-13.58,0.580392157,0.666666667,1
WN,2,Ia,148.6,2.14E+06,2.46E+01,45200,-0.35,-6.8,-4.28,-11.08,0.580392157,0.666666667,1
WN,2,Ib,137.9,1.62E+06,2.14E+01,45200,-0.35,-6.5,-4.28,-10.78,0.580392157,0.666666667,1
WN,2,II,127.2,1.52E+06,2.03E+01,45600,-0.35,-6.4,-4.3,-10.7,0.580392157,0.666666667,1
WN,2,III,116.5,1.26E+06,1.85E+01,45600,-0.35,-6.2,-4.3,-10.5,0.580392157,0.662745098,1
WN,2,IV,105.7,8.72E+05,1.54E+01,45600,-0.35,-5.8,-4.3,-10.1,0.57254902,0.662745098,1
WN,2,V,95,7.95E+05,1.47E+01,45600,-0.35,-5.7,-4.3,-10,0.580392157,0.666666667,1
WN,2,VI,30,6.03E+05,1.28E+01,45600,-0.35,-5.4,-4.3,-9.7,0.580392157,0.666666667,1
WN,3,Ia0,159,1.68E+07,7.69E+01,42800,-0.34,-9.2,-4.12,-13.32,0.592156863,0.674509804,1
WN,3,Ia,148,1.85E+06,2.55E+01,42800,-0.34,-6.8,-4.12,-10.92,0.592156863,0.674509804,1
WN,3,Ib,136.9,1.40E+06,2.22E+01,42800,-0.34,-6.5,-4.12,-10.62,0.592156863,0.674509804,1
WN,3,II,125.8,1.21E+06,2.00E+01,43400,-0.34,-6.3,-4.16,-10.46,0.584313725,0.678431373,1
WN,3,III,114.7,9.17E+05,1.75E+01,43400,-0.34,-6,-4.16,-10.16,0.588235294,0.670588235,1
WN,3,IV,103.6,6.96E+05,1.52E+01,43400,-0.34,-5.7,-4.16,-9.86,0.580392157,0.666666667,1
WN,3,V,92.5,6.34E+05,1.45E+01,43400,-0.34,-5.6,-4.16,-9.76,0.592156863,0.674509804,1
WN,3,VI,23,4.81E+05,1.26E+01,43400,-0.34,-5.3,-4.16,-9.46,0.592156863,0.674509804,1
WN,4,Ia0,158.7,1.32E+07,7.64E+01,40400,-0.33,-9.1,-3.95,-13.05,0.6,0.682352941,1
WN,4,Ia,147.3,1.74E+06,2.77E+01,40400,-0.33,-6.9,-3.95,-10.85,0.6,0.682352941,1
WN,4,Ib,135.8,1.20E+06,2.31E+01,40400,-0.33,-6.5,-3.95,-10.45,0.6,0.682352941,1
WN,4,II,124.4,9.60E+05,1.98E+01,41200,-0.34,-6.2,-4.01,-10.21,0.592156863,0.68627451,1
WN,4,III,112.9,7.28E+05,1.73E+01,41200,-0.34,-5.9,-4.01,-9.91,0.596078431,0.674509804,1
WN,4,IV,101.5,5.52E+05,1.50E+01,41200,-0.34,-5.6,-4.01,-9.61,0.584313725,0.670588235,1
WN,4,V,90,5.04E+05,1.44E+01,41200,-0.34,-5.5,-4.01,-9.51,0.6,0.682352941,1
WN,4,VI,20,3.82E+05,1.25E+01,41200,-0.34,-5.2,-4.01,-9.21,0.6,0.682352941,1
WN,5,Ia0,158.4,1.03E+07,7.62E+01,38000,-0.33,-9,-3.78,-12.78,0.607843137,0.690196078,1
WN,5,Ia,142,1.48E+06,2.90E+01,38000,-0.33,-6.9,-3.78,-10.68,0.607843137,0.690196078,1
WN,5,Ib,125.6,1.03E+06,2.41E+01,38000,-0.33,-6.5,-3.78,-10.28,0.607843137,0.690196078,1
WN,5,II,109.2,7.59E+05,1.97E+01,39000,-0.33,-6.1,-3.85,-9.95,0.6,0.694117647,1
WN,5,III,92.8,5.25E+05,1.64E+01,39000,-0.33,-5.7,-3.85,-9.55,0.603921569,0.682352941,1
WN,5,IV,76.4,4.37E+05,1.49E+01,39000,-0.33,-5.5,-3.85,-9.35,0.588235294,0.674509804,1
WN,5,V,60,3.98E+05,1.42E+01,39000,-0.33,-5.4,-3.85,-9.25,0.607843137,0.690196078,1
WN,5,VI,17.5,3.02E+05,1.24E+01,39000,-0.33,-5.1,-3.85,-8.95,0.607843137,0.690196078,1
WN,6,Ia0,136.7,7.81E+06,7.66E+01,35400,-0.32,-8.9,-3.58,-12.48,0.615686275,0.698039216,1
WN,6,Ia,120.1,1.36E+06,3.19E+01,35400,-0.32,-7,-3.58,-10.58,0.615686275,0.698039216,1
WN,6,Ib,103.5,7.81E+05,2.42E+01,35400,-0.32,-6.4,-3.58,-9.98,0.615686275,0.698039216,1
WN,6,II,86.9,6.54E+05,2.05E+01,36800,-0.32,-6.1,-3.69,-9.79,0.607843137,0.701960784,1
WN,6,III,70.2,3.76E+05,1.56E+01,36800,-0.32,-5.5,-3.69,-9.19,0.611764706,0.68627451,1
WN,6,IV,53.6,3.13E+05,1.42E+01,36800,-0.32,-5.3,-3.69,-8.99,0.592156863,0.682352941,1
WN,6,V,37,2.60E+05,1.29E+01,36800,-0.32,-5.1,-3.69,-8.79,0.635294118,0.721568627,1
WN,6,VI,14.2,1.80E+05,1.08E+01,36800,-0.32,-4.7,-3.69,-8.39,0.635294118,0.721568627,1
WN,7,Ia0,115.1,5.88E+06,7.74E+01,32800,-0.31,-8.8,-3.37,-12.17,0.62745098,0.709803922,1
WN,7,Ia,100.9,1.12E+06,3.38E+01,32800,-0.31,-7,-3.37,-10.37,0.62745098,0.709803922,1
WN,7,Ib,86.7,5.88E+05,2.45E+01,32800,-0.31,-6.3,-3.37,-9.67,0.62745098,0.709803922,1
WN,7,II,72.5,5.10E+05,2.05E+01,34600,-0.32,-6,-3.52,-9.52,0.611764706,0.709803922,1
WN,7,III,58.4,2.94E+05,1.55E+01,34600,-0.32,-5.4,-3.52,-8.92,0.619607843,0.694117647,1
WN,7,IV,44.2,2.23E+05,1.35E+01,34600,-0.32,-5.1,-3.52,-8.62,0.596078431,0.68627451,1
WN,7,V,30,1.54E+05,1.13E+01,34600,-0.32,-4.7,-3.52,-8.22,0.615686275,0.694117647,1
WN,7,VI,10.9,1.07E+05,9.36E+00,34600,-0.32,-4.3,-3.52,-7.82,0.615686275,0.694117647,1
WN,8,Ia0,93.4,4.37E+06,7.87E+01,30200,-0.3,-8.7,-3.15,-11.85,0.635294118,0.717647059,1
WN,8,Ia,81.7,9.13E+05,3.60E+01,30200,-0.3,-7,-3.15,-10.15,0.635294118,0.717647059,1
WN,8,Ib,69.9,4.37E+05,2.49E+01,30200,-0.3,-6.2,-3.15,-9.35,0.635294118,0.717647059,1
WN,8,II,58.2,3.60E+05,1.96E+01,32400,-0.31,-5.8,-3.34,-9.14,0.619607843,0.717647059,1
WN,8,III,46.5,2.07E+05,1.49E+01,32400,-0.31,-5.2,-3.34,-8.54,0.615686275,0.698039216,1
WN,8,IV,34.7,1.57E+05,1.30E+01,32400,-0.31,-4.9,-3.34,-8.24,0.6,0.690196078,1
WN,8,V,23,9.91E+04,1.03E+01,32400,-0.31,-4.4,-3.34,-7.74,0.615686275,0.694117647,1
WN,8,VI,7.6,5.70E+04,7.81E+00,32400,-0.31,-3.8,-3.34,-7.14,0.615686275,0.694117647,1
WN,9,Ia0,71.8,3.19E+06,8.05E+01,27600,-0.29,-8.6,-2.91,-11.51,0.643137255,0.725490196,1
WN,9,Ia,63.1,7.31E+05,3.85E+01,27600,-0.29,-7,-2.91,-9.91,0.643137255,0.725490196,1
WN,9,Ib,54.5,3.19E+05,2.55E+01,27600,-0.29,-6.1,-2.91,-9.01,0.643137255,0.725490196,1
WN,9,II,45.9,2.76E+05,1.98E+01,30200,-0.3,-5.7,-3.15,-8.85,0.62745098,0.729411765,1
WN,9,III,37.3,1.59E+05,1.50E+01,30200,-0.3,-5.1,-3.15,-8.25,0.619607843,0.694117647,1
WN,9,IV,28.6,1.10E+05,1.25E+01,30200,-0.3,-4.7,-3.15,-7.85,0.607843137,0.694117647,1
WN,9,V,20,5.76E+04,9.04E+00,30200,-0.3,-4,-3.15,-7.15,0.603921569,0.698039216,1
WN,9,VI,6.7,3.31E+04,6.85E+00,30200,-0.3,-3.4,-3.15,-6.55,0.603921569,0.698039216,1
R,0,Ia0,12,8.13E+05,1.42E+03,4669,1.03,-9.4,-0.62,-10.02,1,0.905882353,0.756862745
R,0,Ia,10.2,1.70E+05,6.49E+02,4669,1.03,-7.7,-0.62,-8.32,1,0.905882353,0.756862745
R,0,Ib,8.3,9.77E+03,1.56E+02,4669,1.03,-4.6,-0.62,-5.22,1,0.905882353,0.756862745
R,0,II,6.5,1.29E+03,5.65E+01,4669,1.03,-2.4,-0.62,-3.02,1,0.929411765,0.819607843
R,0,III,4.6,8.91E+01,1.49E+01,4669,1.03,0.5,-0.62,-0.12,1,0.952941176,0.91372549
R,0,IV,2.8,6.20E+00,2.76E+00,5560,0.75,3,-0.23,2.77,1,0.960784314,0.933333333
R,0,V,0.9,9.82E-01,1.10E+00,5560,0.75,5,-0.23,4.77,1,0.945098039,0.898039216
R,0,VI,0.8,2.97E-01,6.05E-01,5560,0.75,6.3,-0.23,6.07,1,0.945098039,0.898039216
R,1,Ia0,12.4,8.71E+05,1.54E+03,4561,1.07,-9.4,-0.7,-10.1,1,0.894117647,0.733333333
R,1,Ia,10.5,1.66E+05,6.72E+02,4561,1.07,-7.6,-0.7,-8.3,1,0.894117647,0.733333333
R,1,Ib,8.6,1.05E+04,1.69E+02,4561,1.07,-4.6,-0.7,-5.3,1,0.894117647,0.733333333
R,1,II,6.7,1.38E+03,6.13E+01,4561,1.07,-2.4,-0.7,-3.1,1,0.917647059,0.788235294
R,1,III,4.7,1.05E+02,1.69E+01,4561,1.07,0.4,-0.7,-0.3,1,0.937254902,0.870588235
R,1,IV,2.8,6.61E+00,3.11E+00,5331,0.82,3,-0.3,2.7,1,0.945098039,0.898039216
R,1,V,0.9,7.94E-01,1.08E+00,5331,0.82,5.3,-0.3,5,1,0.933333333,0.870588235
R,1,VI,0.7,2.19E-01,5.65E-01,5331,0.82,6.7,-0.3,6.4,1,0.933333333,0.870588235
R,2,Ia0,12.8,9.40E+05,1.68E+03,4453,1.11,-9.4,-0.78,-10.18,1,0.882352941,0.71372549
R,2,Ia,10.8,1.79E+05,7.33E+02,4453,1.11,-7.6,-0.78,-8.38,1,0.882352941,0.71372549
R,2,Ib,8.8,1.24E+04,1.93E+02,4453,1.11,-4.7,-0.78,-5.48,1,0.882352941,0.71372549
R,2,II,6.8,1.49E+03,6.68E+01,4453,1.11,-2.4,-0.78,-3.18,1,0.901960784,0.752941176
R,2,III,4.8,1.36E+02,2.02E+01,4453,1.11,0.2,-0.78,-0.58,1,0.917647059,0.82745098
R,2,IV,2.8,7.17E+00,3.53E+00,5102,0.89,3,-0.39,2.61,1,0.933333333,0.866666667
R,2,V,0.8,6.54E-01,1.07E+00,5102,0.89,5.6,-0.39,5.21,1,0.921568627,0.847058824
R,2,VI,0.7,1.80E-01,5.60E-01,5102,0.89,7,-0.39,6.61,1,0.921568627,0.847058824
R,3,Ia0,13.3,9.32E+05,1.75E+03,4346,1.15,-9.3,-0.87,-10.17,1,0.870588235,0.690196078
R,3,Ia,11.2,1.78E+05,7.66E+02,4346,1.15,-7.5,-0.87,-8.37,1,0.870588235,0.690196078
R,3,Ib,9.1,1.35E+04,2.11E+02,4346,1.15,-4.7,-0.87,-5.57,1,0.870588235,0.690196078
R,3,II,7,1.78E+03,7.66E+01,4346,1.15,-2.5,-0.87,-3.37,1,0.890196078,0.721568627
R,3,III,5,1.62E+02,2.31E+01,4346,1.15,0.1,-0.87,-0.77,1,0.901960784,0.780392157
R,3,IV,2.9,7.26E+00,3.90E+00,4873,0.97,3.1,-0.5,2.6,1,0.917647059,0.831372549
R,3,V,0.8,5.50E-01,1.07E+00,4873,0.97,5.9,-0.5,5.4,1,0.91372549,0.819607843
R,3,VI,0.6,1.52E-01,5.63E-01,4873,0.97,7.3,-0.5,6.8,1,0.91372549,0.819607843
R,4,Ia0,13.7,1.02E+06,1.93E+03,4238,1.19,-9.3,-0.97,-10.27,1,0.858823529,0.670588235
R,4,Ia,11.5,1.95E+05,8.44E+02,4238,1.19,-7.5,-0.97,-8.47,1,0.858823529,0.670588235
R,4,Ib,9.4,1.62E+04,2.43E+02,4238,1.19,-4.8,-0.97,-5.77,1,0.858823529,0.670588235
R,4,II,7.2,1.95E+03,8.44E+01,4238,1.19,-2.5,-0.97,-3.47,1,0.874509804,0.68627451
R,4,III,5.1,1.95E+02,2.67E+01,4238,1.19,0,-0.97,-0.97,1,0.882352941,0.737254902
R,4,IV,2.9,8.25E+00,4.57E+00,4644,1.04,3.1,-0.64,2.46,1,0.905882353,0.796078431
R,4,V,0.8,5.21E-01,1.15E+00,4644,1.04,6.1,-0.64,5.46,1,0.901960784,0.796078431
R,4,VI,0.6,1.19E-01,5.50E-01,4644,1.04,7.7,-0.64,7.06,1,0.901960784,0.796078431
R,5,Ia0,14.1,1.13E+06,2.14E+03,4130,1.23,-9.3,-1.08,-10.38,1,0.847058824,0.647058824
R,5,Ia,11.9,1.97E+05,8.93E+02,4130,1.23,-7.4,-1.08,-8.48,1,0.847058824,0.647058824
R,5,Ib,9.6,2.16E+04,2.96E+02,4130,1.23,-5,-1.08,-6.08,1,0.847058824,0.647058824
R,5,II,7.4,2.16E+03,9.35E+01,4130,1.23,-2.5,-1.08,-3.58,1,0.862745098,0.654901961
R,5,III,5.2,2.59E+02,3.24E+01,4130,1.23,-0.2,-1.08,-1.28,1,0.866666667,0.694117647
R,5,IV,2.9,9.67E+00,5.47E+00,4416,1.12,3.1,-0.81,2.29,1,0.890196078,0.760784314
R,5,V,0.7,4.63E-01,1.20E+00,4416,1.12,6.4,-0.81,5.59,1,0.890196078,0.768627451
R,5,VI,0.5,8.81E-02,5.23E-01,4416,1.12,8.2,-0.81,7.39,1,0.890196078,0.768627451
R,6,Ia0,14.5,1.26E+06,2.39E+03,4023,1.27,-9.3,-1.2,-10.5,1,0.835294118,0.62745098
R,6,Ia,12.2,2.20E+05,9.95E+02,4023,1.27,-7.4,-1.2,-8.6,1,0.835294118,0.62745098
R,6,Ib,9.9,3.18E+04,3.78E+02,4023,1.27,-5.3,-1.2,-6.5,1,0.835294118,0.62745098
R,6,II,7.6,2.41E+03,1.04E+02,4023,1.27,-2.5,-1.2,-3.7,1,0.850980392,0.619607843
R,6,III,5.3,3.18E+02,3.78E+01,4023,1.27,-0.3,-1.2,-1.5,1,0.847058824,0.650980392
R,6,IV,3,1.17E+01,6.71E+00,4187,1.21,3.1,-1.02,2.08,1,0.878431373,0.729411765
R,6,V,0.7,4.26E-01,1.28E+00,4187,1.21,6.7,-1.02,5.68,1,0.858823529,0.71372549
R,6,VI,0.4,6.76E-02,5.09E-01,4187,1.21,8.7,-1.02,7.68,1,0.858823529,0.71372549
R,7,Ia0,15,1.43E+06,2.68E+03,3915,1.32,-9.3,-1.34,-10.64,1,0.823529412,0.603921569
R,7,Ia,12.6,2.27E+05,1.07E+03,3915,1.32,-7.3,-1.34,-8.64,1,0.823529412,0.603921569
R,7,Ib,10.2,3.94E+04,4.45E+02,3915,1.32,-5.4,-1.34,-6.74,1,0.823529412,0.603921569
R,7,II,7.8,2.99E+03,1.22E+02,3915,1.32,-2.6,-1.34,-3.94,1,0.835294118,0.588235294
R,7,III,5.4,3.94E+02,4.45E+01,3915,1.32,-0.4,-1.34,-1.74,1,0.831372549,0.603921569
R,7,IV,3,1.36E+01,8.08E+00,3958,1.3,3.2,-1.28,1.92,1,0.862745098,0.694117647
R,7,V,0.6,2.59E-01,1.12E+00,3958,1.3,7.5,-1.28,6.22,1,0.82745098,0.658823529
R,7,VI,0.4,4.50E-02,4.65E-01,3958,1.3,9.4,-1.28,8.12,1,0.82745098,0.658823529
R,8,Ia0,15.4,1.64E+06,3.03E+03,3808,1.36,-9.3,-1.48,-10.78,1,0.811764706,0.584313725
R,8,Ia,12.9,2.59E+05,1.21E+03,3808,1.36,-7.3,-1.48,-8.78,1,0.811764706,0.584313725
R,8,Ib,10.4,4.50E+04,5.03E+02,3808,1.36,-5.4,-1.48,-6.88,1,0.811764706,0.584313725
R,8,II,8,3.42E+03,1.38E+02,3808,1.36,-2.6,-1.48,-4.08,1,0.823529412,0.552941176
R,8,III,5.5,5.41E+02,5.51E+01,3808,1.36,-0.6,-1.48,-2.08,1,0.811764706,0.560784314
R,8,IV,3,1.82E+01,1.05E+01,3729,1.39,3.2,-1.6,1.6,1,0.847058824,0.658823529
R,8,V,0.6,1.82E-01,1.05E+00,3729,1.39,8.2,-1.6,6.6,1,0.796078431,0.6
R,8,VI,0.3,3.80E-02,4.82E-01,3729,1.39,9.9,-1.6,8.3,1,0.796078431,0.6
R,9,Ia0,15.8,1.90E+06,3.46E+03,3700,1.41,-9.3,-1.65,-10.95,1,0.8,0.560784314
R,9,Ia,13.3,2.74E+05,1.31E+03,3700,1.41,-7.2,-1.65,-8.85,1,0.8,0.560784314
R,9,Ib,10.7,5.73E+04,6.00E+02,3700,1.41,-5.5,-1.65,-7.15,1,0.8,0.560784314
R,9,II,8.2,3.96E+03,1.58E+02,3700,1.41,-2.6,-1.65,-4.25,1,0.811764706,0.521568627
R,9,III,5.6,6.89E+02,6.58E+01,3700,1.41,-0.7,-1.65,-2.35,1,0.796078431,0.517647059
R,9,IV,3.1,2.60E+01,1.43E+01,3500,1.49,3.2,-1.99,1.21,1,0.835294118,0.62745098
R,9,V,0.5,1.25E-01,9.90E-01,3500,1.49,9,-1.99,7.01,1,0.764705882,0.545098039
R,9,VI,0.2,3.76E-02,5.44E-01,3500,1.49,10.3,-1.99,8.31,1,0.764705882,0.545098039
C,0,Ia0,12,8.13E+05,1.42E+03,4669,1.03,-9.4,-0.62,-10.02,1,0.905882353,0.756862745
C,0,Ia,10.2,1.70E+05,6.49E+02,4669,1.03,-7.7,-0.62,-8.32,1,0.905882353,0.756862745
C,0,Ib,8.3,9.77E+03,1.56E+02,4669,1.03,-4.6,-0.62,-5.22,1,0.905882353,0.756862745
C,0,II,6.5,1.29E+03,5.65E+01,4669,1.03,-2.4,-0.62,-3.02,1,0.929411765,0.819607843
C,0,III,4.6,8.91E+01,1.49E+01,4669,1.03,0.5,-0.62,-0.12,1,0.952941176,0.91372549
C,0,IV,2.8,6.20E+00,2.76E+00,5560,0.75,3,-0.23,2.77,1,0.960784314,0.933333333
C,0,V,0.9,9.82E-01,1.10E+00,5560,0.75,5,-0.23,4.77,1,0.945098039,0.898039216
C,0,VI,0.8,2.97E-01,6.05E-01,5560,0.75,6.3,-0.23,6.07,1,0.945098039,0.898039216
C,1,Ia0,12.7,1.10E+06,1.88E+03,4371,1.14,-9.5,-0.85,-10.35,1,0.870588235,0.674509804
C,1,Ia,10.8,1.91E+05,7.85E+02,4371,1.14,-7.6,-0.85,-8.45,1,0.870588235,0.674509804
C,1,Ib,8.8,1.20E+04,1.97E+02,4371,1.14,-4.6,-0.85,-5.45,1,0.870588235,0.674509804
C,1,II,6.8,1.59E+03,7.16E+01,4371,1.14,-2.4,-0.85,-3.25,1,0.909803922,0.768627451
C,1,III,4.8,1.32E+02,2.06E+01,4371,1.14,0.3,-0.85,-0.55,1,0.949019608,0.878431373
C,1,IV,2.8,7.00E+00,3.41E+00,5164,0.87,3,-0.36,2.64,1,0.945098039,0.894117647
C,1,V,0.8,6.39E-01,1.03E+00,5164,0.87,5.6,-0.36,5.24,1,0.921568627,0.854901961
C,1,VI,0.7,1.76E-01,5.40E-01,5164,0.87,7,-0.36,6.64,1,0.921568627,0.854901961
C,2,Ia0,13.5,1.31E+06,2.37E+03,4073,1.25,-9.4,-1.15,-10.55,1,0.839215686,0.588235294
C,2,Ia,11.4,2.28E+05,9.89E+02,4073,1.25,-7.5,-1.15,-8.65,1,0.839215686,0.588235294
C,2,Ib,9.2,1.73E+04,2.72E+02,4073,1.25,-4.7,-1.15,-5.85,1,0.839215686,0.588235294
C,2,II,7.1,2.28E+03,9.89E+01,4073,1.25,-2.5,-1.15,-3.65,1,0.88627451,0.717647059
C,2,III,5,2.08E+02,2.99E+01,4073,1.25,0.1,-1.15,-1.05,1,0.945098039,0.843137255
C,2,IV,2.9,7.67E+00,4.18E+00,4769,1,3.1,-0.56,2.54,1,0.925490196,0.854901961
C,2,V,0.8,2.78E-01,7.97E-01,4769,1,6.7,-0.56,6.14,1,0.894117647,0.811764706
C,2,VI,0.7,1.33E-01,5.51E-01,4769,1,7.5,-0.56,6.94,1,0.894117647,0.811764706
C,3,Ia0,14.2,1.71E+06,3.15E+03,3776,1.37,-9.3,-1.53,-10.83,1,0.807843137,0.505882353
C,3,Ia,12,2.97E+05,1.31E+03,3776,1.37,-7.4,-1.53,-8.93,1,0.807843137,0.505882353
C,3,Ib,9.7,2.47E+04,3.78E+02,3776,1.37,-4.7,-1.53,-6.23,1,0.807843137,0.505882353
C,3,II,7.4,3.57E+03,1.44E+02,3776,1.37,-2.6,-1.53,-4.13,1,0.866666667,0.666666667
C,3,III,5.2,3.57E+02,4.55E+01,3776,1.37,-0.1,-1.53,-1.63,1,0.941176471,0.811764706
C,3,IV,2.9,1.00E+01,5.68E+00,4373,1.14,3.1,-0.85,2.25,1,0.909803922,0.819607843
C,3,V,0.7,1.20E-01,6.23E-01,4373,1.14,7.9,-0.85,7.05,1,0.870588235,0.768627451
C,3,VI,0.6,9.12E-02,5.42E-01,4373,1.14,8.2,-0.85,7.35,1,0.870588235,0.768627451
C,4,Ia0,15,2.71E+06,4.67E+03,3478,1.5,-9.3,-2.03,-11.33,1,0.776470588,0.419607843
C,4,Ia,12.6,4.29E+05,1.86E+03,3478,1.5,-7.3,-2.03,-9.33,1,0.776470588,0.419607843
C,4,Ib,10.2,4.29E+04,5.88E+02,3478,1.5,-4.8,-2.03,-6.83,1,0.776470588,0.419607843
C,4,II,7.8,6.20E+03,2.23E+02,3478,1.5,-2.7,-2.03,-4.73,1,0.847058824,0.615686275
C,4,III,5.4,6.80E+02,7.40E+01,3478,1.5,-0.3,-2.03,-2.33,1,0.937254902,0.776470588
C,4,IV,3,1.46E+01,8.28E+00,3978,1.29,3.1,-1.26,1.84,1,0.890196078,0.780392157
C,4,V,0.6,6.36E-02,5.47E-01,3978,1.29,9,-1.26,7.74,1,0.843137255,0.725490196
C,4,VI,0.5,6.36E-02,5.47E-01,3978,1.29,9,-1.26,7.74,1,0.843137255,0.725490196
C,5,Ia0,15.7,4.94E+06,7.55E+03,3180,1.65,-9.3,-2.68,-11.98,1,0.745098039,0.337254902
C,5,Ia,13.2,7.83E+05,3.00E+03,3180,1.65,-7.3,-2.68,-9.98,1,0.745098039,0.337254902
C,5,Ib,10.6,9.41E+04,1.04E+03,3180,1.65,-5,-2.68,-7.68,1,0.745098039,0.337254902
C,5,II,8.1,1.13E+04,3.61E+02,3180,1.65,-2.7,-2.68,-5.38,1,0.82745098,0.560784314
C,5,III,5.5,1.49E+03,1.31E+02,3180,1.65,-0.5,-2.68,-3.18,1,0.929411765,0.741176471
C,5,IV,3,2.27E+01,1.28E+01,3582,1.46,3.2,-1.84,1.36,1,0.874509804,0.741176471
C,5,V,0.5,5.20E-03,1.93E-01,3582,1.46,12.3,-1.84,10.46,1,0.819607843,0.682352941
C,5,VI,0.4,3.28E-02,4.85E-01,3582,1.46,10.3,-1.84,8.46,1,0.819607843,0.682352941
C,6,Ia0,14.8,1.09E+07,1.36E+04,2883,1.8,-9.3,-3.54,-12.84,1,0.71372549,0.250980392
C,6,Ia,12.4,1.57E+06,5.18E+03,2883,1.8,-7.2,-3.54,-10.74,1,0.71372549,0.250980392
C,6,Ib,10,2.73E+05,2.16E+03,2883,1.8,-5.3,-3.54,-8.84,1,0.71372549,0.250980392
C,6,II,7.6,2.73E+04,6.83E+02,2883,1.8,-2.8,-3.54,-6.34,1,0.803921569,0.509803922
C,6,III,5.2,3.95E+03,2.60E+02,2883,1.8,-0.7,-3.54,-4.24,1,0.925490196,0.705882353
C,6,IV,2.8,4.86E+01,2.36E+01,3187,1.64,3.2,-2.67,0.53,1,0.854901961,0.701960784
C,6,V,0.4,1.34E-03,1.24E-01,3187,1.64,14.6,-2.67,11.93,1,0.807843137,0.619607843
C,6,VI,0.3,3.07E-03,1.87E-01,3187,1.64,13.7,-2.67,11.03,1,0.807843137,0.619607843
C,7,Ia0,13.9,2.85E+07,2.74E+04,2585,1.98,-9.2,-4.69,-13.89,1,0.678431373,0.168627451
C,7,Ia,11.6,4.12E+06,1.04E+04,2585,1.98,-7.1,-4.69,-11.79,1,0.678431373,0.168627451
C,7,Ib,9.3,8.61E+05,4.77E+03,2585,1.98,-5.4,-4.69,-10.09,1,0.678431373,0.168627451
C,7,II,7.1,8.61E+04,1.51E+03,2585,1.98,-2.9,-4.69,-7.59,1,0.784313725,0.458823529
C,7,III,4.8,9.44E+03,4.99E+02,2585,1.98,-0.5,-4.69,-5.19,1,0.921568627,0.674509804
C,7,IV,2.5,1.46E+02,5.33E+01,2791,1.86,3.2,-3.86,-0.66,1,0.839215686,0.666666667
C,7,V,0.3,5.30E-04,1.01E-01,2791,1.86,16.8,-3.86,12.94,1,0.8,0.552941176
C,7,VI,0.3,5.30E-04,1.01E-01,2791,1.86,16.8,-3.86,12.94,1,0.8,0.552941176
C,8,Ia0,12.9,1.08E+08,6.82E+04,2288,2.17,-9.1,-6.23,-15.33,1,0.647058824,0.082352941
C,8,Ia,10.8,1.56E+07,2.59E+04,2288,2.17,-7,-6.23,-13.23,1,0.647058824,0.082352941
C,8,Ib,8.7,3.26E+06,1.18E+04,2288,2.17,-5.3,-6.23,-11.53,1,0.647058824,0.082352941
C,8,II,6.6,3.58E+05,3.92E+03,2288,2.17,-2.9,-6.23,-9.13,1,0.764705882,0.407843137
C,8,III,4.4,2.97E+04,1.13E+03,2288,2.17,-0.2,-6.23,-6.43,1,0.917647059,0.639215686
C,8,IV,2.3,6.70E+02,1.55E+02,2396,2.1,3.3,-5.61,-2.31,1,0.819607843,0.62745098
C,8,V,0.2,9.68E-04,1.86E-01,2396,2.1,17.9,-5.61,12.29,1,0.788235294,0.490196078
C,8,VI,0.2,6.70E-04,1.55E-01,2396,2.1,18.3,-5.61,12.69,1,0.788235294,0.490196078
C,9,Ia0,12,7.11E+08,2.31E+05,1990,2.4,-9,-8.38,-17.38,1,0.615686275,0
C,9,Ia,10,1.03E+08,8.79E+04,1990,2.4,-6.9,-8.38,-15.28,1,0.615686275,0
C,9,Ib,8,2.15E+07,4.02E+04,1990,2.4,-5.2,-8.38,-13.58,1,0.615686275,0
C,9,II,6,2.83E+06,1.46E+04,1990,2.4,-3,-8.38,-11.38,1,0.745098039,0.356862745
C,9,III,4.1,1.79E+05,3.67E+03,1990,2.4,0,-8.38,-8.38,1,0.91372549,0.603921569
C,9,IV,2.1,7.91E+03,7.64E+02,2000,2.39,3.3,-8.3,-5,1,0.803921569,0.588235294
C,9,V,0.1,4.15E-03,5.53E-01,2000,2.39,19,-8.3,10.7,1,0.776470588,0.423529412
C,9,VI,0.1,4.15E-03,5.53E-01,2000,2.39,19,-8.3,10.7,1,0.776470588,0.423529412
S,0,Ia0,15.8,1.90E+06,3.46E+03,3700,1.41,-9.3,-1.65,-10.95,1,0.8,0.560784314
S,0,Ia,13.3,2.74E+05,1.31E+03,3700,1.41,-7.2,-1.65,-8.85,1,0.8,0.560784314
S,0,Ib,10.7,5.73E+04,6.00E+02,3700,1.41,-5.5,-1.65,-7.15,1,0.8,0.560784314
S,0,II,8.2,3.96E+03,1.58E+02,3700,1.41,-2.6,-1.65,-4.25,1,0.811764706,0.521568627
S,0,III,5.6,6.89E+02,6.58E+01,3700,1.41,-0.7,-1.65,-2.35,1,0.796078431,0.517647059
S,0,IV,3.1,2.60E+01,1.43E+01,3500,1.49,3.2,-1.99,1.21,1,0.835294118,0.62745098
S,0,V,0.5,1.25E-01,9.90E-01,3500,1.49,9,-1.99,7.01,1,0.764705882,0.545098039
S,0,VI,0.2,3.76E-02,5.44E-01,3500,1.49,10.3,-1.99,8.31,1,0.764705882,0.545098039
S,1,Ia0,15.1,2.56E+06,4.46E+03,3510,1.49,-9.3,-1.97,-11.27,1,0.792156863,0.541176471
S,1,Ia,12.7,3.37E+05,1.62E+03,3510,1.49,-7.1,-1.97,-9.07,1,0.792156863,0.541176471
S,1,Ib,10.2,7.73E+04,7.75E+02,3510,1.49,-5.5,-1.97,-7.47,1,0.792156863,0.541176471
S,1,II,7.8,5.86E+03,2.13E+02,3510,1.49,-2.7,-1.97,-4.67,1,0.803921569,0.501960784
S,1,III,5.3,9.29E+02,8.50E+01,3510,1.49,-0.7,-1.97,-2.67,1,0.784313725,0.474509804
S,1,IV,2.9,3.55E+01,1.84E+01,3333,1.57,3.2,-2.33,0.87,1,0.831372549,0.623529412
S,1,V,0.5,6.18E-02,7.68E-01,3333,1.57,10.1,-2.33,7.77,1,0.8,0.556862745
S,1,VI,0.2,1.86E-02,4.22E-01,3333,1.57,11.4,-2.33,9.07,1,0.8,0.556862745
S,2,Ia0,14.5,3.65E+06,5.95E+03,3320,1.58,-9.3,-2.36,-11.66,1,0.756862745,0.407843137
S,2,Ia,12.1,4.81E+05,2.16E+03,3320,1.58,-7.1,-2.36,-9.46,1,0.756862745,0.407843137
S,2,Ib,9.8,1.10E+05,1.03E+03,3320,1.58,-5.5,-2.36,-7.86,1,0.756862745,0.407843137
S,2,II,7.4,8.36E+03,2.85E+02,3320,1.58,-2.7,-2.36,-5.06,1,0.796078431,0.48627451
S,2,III,5.1,1.21E+03,1.08E+02,3320,1.58,-0.6,-2.36,-2.96,1,0.776470588,0.462745098
S,2,IV,2.7,5.09E+01,2.44E+01,3167,1.65,3.2,-2.72,0.48,1,0.82745098,0.615686275
S,2,V,0.4,3.21E-02,6.14E-01,3167,1.65,11.2,-2.72,8.48,1,0.768627451,0.51372549
S,2,VI,0.2,8.85E-03,3.22E-01,3167,1.65,12.6,-2.72,9.88,1,0.768627451,0.51372549
S,3,Ia0,13.8,5.07E+06,7.89E+03,3130,1.67,-9.2,-2.81,-12.01,1,0.752941176,0.462745098
S,3,Ia,11.6,7.33E+05,3.00E+03,3130,1.67,-7.1,-2.81,-9.91,1,0.752941176,0.462745098
S,3,Ib,9.3,1.68E+05,1.44E+03,3130,1.67,-5.5,-2.81,-8.31,1,0.752941176,0.462745098
S,3,II,7.1,1.40E+04,4.14E+02,3130,1.67,-2.8,-2.81,-5.61,1,0.788235294,0.466666667
S,3,III,4.8,1.84E+03,1.50E+02,3130,1.67,-0.6,-2.81,-3.41,1,0.784313725,0.466666667
S,3,IV,2.6,7.76E+01,3.36E+01,3000,1.74,3.2,-3.18,0.02,1,0.823529412,0.611764706
S,3,V,0.3,1.78E-02,5.09E-01,3000,1.74,12.3,-3.18,9.12,1,0.807843137,0.505882353
S,3,VI,0.2,4.90E-03,2.67E-01,3000,1.74,13.7,-3.18,10.52,1,0.807843137,0.505882353
S,4,Ia0,13.2,8.38E+06,1.15E+04,2940,1.77,-9.2,-3.36,-12.56,1,0.725490196,0.407843137
S,4,Ia,11,1.10E+06,4.18E+03,2940,1.77,-7,-3.36,-10.36,1,0.725490196,0.407843137
S,4,Ib,8.9,2.77E+05,2.09E+03,2940,1.77,-5.5,-3.36,-8.86,1,0.725490196,0.407843137
S,4,II,6.7,2.31E+04,6.04E+02,2940,1.77,-2.8,-3.36,-6.16,1,0.780392157,0.447058824
S,4,III,4.6,2.77E+03,2.09E+02,2940,1.77,-0.5,-3.36,-3.86,1,0.807843137,0.498039216
S,4,IV,2.4,1.27E+02,4.83E+01,2833,1.83,3.2,-3.71,-0.51,1,0.819607843,0.607843137
S,4,V,0.3,1.06E-02,4.40E-01,2833,1.83,13.4,-3.71,9.69,1,0.788235294,0.498039216
S,4,VI,0.1,2.66E-03,2.21E-01,2833,1.83,14.9,-3.71,11.19,1,0.788235294,0.498039216
S,5,Ia0,12.5,1.53E+07,1.78E+04,2750,1.88,-9.2,-4.01,-13.21,1,0.698039216,0.305882353
S,5,Ia,10.5,2.02E+06,6.45E+03,2750,1.88,-7,-4.01,-11.01,1,0.698039216,0.305882353
S,5,Ib,8.4,5.07E+05,3.23E+03,2750,1.88,-5.5,-4.01,-9.51,1,0.698039216,0.305882353
S,5,II,6.4,4.62E+04,9.76E+02,2750,1.88,-2.9,-4.01,-6.91,1,0.77254902,0.431372549
S,5,III,4.3,5.07E+03,3.23E+02,2750,1.88,-0.5,-4.01,-4.51,1,0.77254902,0.48627451
S,5,IV,2.3,2.07E+02,6.94E+01,2667,1.93,3.3,-4.34,-1.04,1,0.819607843,0.603921569
S,5,V,0.2,6.24E-03,3.81E-01,2667,1.93,14.6,-4.34,10.26,1,0.8,0.435294118
S,5,VI,0.1,1.72E-03,2.00E-01,2667,1.93,16,-4.34,11.66,1,0.8,0.435294118
S,6,Ia0,12.4,2.88E+07,2.81E+04,2560,2,-9.1,-4.8,-13.9,1,0.670588235,0.203921569
S,6,Ia,10.3,4.17E+06,1.07E+04,2560,2,-7,-4.8,-11.8,1,0.670588235,0.203921569
S,6,Ib,8.3,9.55E+05,5.12E+03,2560,2,-5.4,-4.8,-10.2,1,0.670588235,0.203921569
S,6,II,6.3,9.55E+04,1.62E+03,2560,2,-2.9,-4.8,-7.7,1,0.764705882,0.411764706
S,6,III,4.2,9.55E+03,5.12E+02,2560,2,-0.4,-4.8,-5.2,1,0.698039216,0.474509804
S,6,IV,2.2,4.10E+02,1.11E+02,2500,2.03,3.3,-5.08,-1.78,1,0.815686275,0.6
S,6,V,0.2,4.50E-03,3.68E-01,2500,2.03,15.7,-5.08,10.62,1,0.764705882,0.439215686
S,6,VI,0.1,1.63E-03,2.22E-01,2500,2.03,16.8,-5.08,11.72,1,0.764705882,0.439215686
S,7,Ia0,12.3,6.96E+07,5.10E+04,2370,2.12,-9.1,-5.76,-14.86,1,0.643137255,0.101960784
S,7,Ia,10.2,9.18E+06,1.85E+04,2370,2.12,-6.9,-5.76,-12.66,1,0.643137255,0.101960784
S,7,Ib,8.2,2.10E+06,8.87E+03,2370,2.12,-5.3,-5.76,-11.06,1,0.643137255,0.101960784
S,7,II,6.2,2.53E+05,3.07E+03,2370,2.12,-3,-5.76,-8.76,1,0.756862745,0.392156863
S,7,III,4.2,2.10E+04,8.87E+02,2370,2.12,-0.3,-5.76,-6.06,1,0.647058824,0.380392157
S,7,IV,2.1,9.26E+02,1.92E+02,2333,2.14,3.3,-5.97,-2.67,1,0.811764706,0.596078431
S,7,V,0.1,3.69E-03,3.83E-01,2333,2.14,16.8,-5.97,10.83,1,0.77254902,0.435294118
S,7,VI,0.1,1.94E-03,2.78E-01,2333,2.14,17.5,-5.97,11.53,1,0.77254902,0.435294118
S,8,Ia0,12.1,2.05E+08,1.03E+05,2180,2.25,-9.1,-6.93,-16.03,1,0.615686275,0
S,8,Ia,10.1,2.70E+07,3.76E+04,2180,2.25,-6.9,-6.93,-13.83,1,0.615686275,0
S,8,Ib,8.1,5.15E+06,1.64E+04,2180,2.25,-5.1,-6.93,-12.03,1,0.615686275,0
S,8,II,6.1,7.44E+05,6.23E+03,2180,2.25,-3,-6.93,-9.93,1,0.752941176,0.376470588
S,8,III,4.1,5.15E+04,1.64E+03,2180,2.25,-0.1,-6.93,-7.03,1,0.654901961,0.380392157
S,8,IV,2.1,2.44E+03,3.61E+02,2167,2.26,3.3,-7.02,-3.72,1,0.807843137,0.592156863
S,8,V,0.1,3.53E-03,4.34E-01,2167,2.26,17.9,-7.02,10.88,1,0.776470588,0.42745098
S,8,VI,0.1,2.44E-03,3.61E-01,2167,2.26,18.3,-7.02,11.28,1,0.776470588,0.42745098
S,9,Ia0,12,7.11E+08,2.31E+05,1990,2.4,-9,-8.38,-17.38,1,0.615686275,0
S,9,Ia,10,1.03E+08,8.79E+04,1990,2.4,-6.9,-8.38,-15.28,1,0.615686275,0
S,9,Ib,8,1.79E+07,3.67E+04,1990,2.4,-5,-8.38,-13.38,1,0.615686275,0
S,9,II,6,2.83E+06,1.46E+04,1990,2.4,-3,-8.38,-11.38,1,0.745098039,0.356862745
S,9,III,4.1,1.79E+05,3.67E+03,1990,2.4,0,-8.38,-8.38,1,0.91372549,0.603921569
S,9,IV,2.1,7.91E+03,7.64E+02,2000,2.39,3.3,-8.3,-5,1,0.803921569,0.588235294
S,9,V,0.1,4.15E-03,5.53E-01,2000,2.39,19,-8.3,10.7,1,0.776470588,0.423529412
S,9,VI,0.1,4.15E-03,5.53E-01,2000,2.39,19,-8.3,10.7,1,0.776470588,0.423529412
DA,0,,1.1,6.91E+00,9.02E-03,100000,-0.37,10.2,-7.55,2.65,0.607843137,0.698039216,1
DA,1,,0.9,2.65E-01,6.96E-03,50400,-0.35,10.8,-4.61,6.19,0.623529412,0.709803922,1
DA,2,,0.8,2.55E-02,8.64E-03,25200,-0.27,11.4,-2.67,8.73,0.658823529,0.741176471,1
DA,3,,0.7,6.02E-03,9.44E-03,16800,-0.2,11.9,-1.6,10.3,0.701960784,0.77254902,1
DA,4,,0.6,1.82E-03,9.22E-03,12600,-0.13,12.5,-0.9,11.6,0.752941176,0.811764706,1
DA,5,,0.5,6.93E-04,8.90E-03,10080,-0.07,13.1,-0.45,12.65,0.811764706,0.854901961,1
DA,6,,0.4,3.15E-04,8.64E-03,8400,0.09,13.7,-0.2,13.5,0.878431373,0.901960784,1
DA,7,,0.3,1.80E-04,8.89E-03,7200,0.34,14.2,-0.09,14.11,0.952941176,0.952941176,1
DA,8,,0.2,1.05E-04,8.87E-03,6300,0.55,14.8,-0.1,14.7,1,0.968627451,0.960784314
DA,9,,0.1,6.73E-05,8.98E-03,5600,0.74,15.4,-0.22,15.18,1,0.937254902,0.882352941
DB,0,,1.1,6.91E+00,9.02E-03,100000,-0.37,10.2,-7.55,2.65,0.607843137,0.698039216,1
DB,1,,0.9,2.65E-01,6.96E-03,50400,-0.35,10.8,-4.61,6.19,0.623529412,0.709803922,1
DB,2,,0.8,2.55E-02,8.64E-03,25200,-0.27,11.4,-2.67,8.73,0.658823529,0.741176471,1
DB,3,,0.7,6.02E-03,9.44E-03,16800,-0.2,11.9,-1.6,10.3,0.701960784,0.77254902,1
DB,4,,0.6,1.82E-03,9.22E-03,12600,-0.13,12.5,-0.9,11.6,0.752941176,0.811764706,1
DB,5,,0.5,6.93E-04,8.90E-03,10080,-0.07,13.1,-0.45,12.65,0.811764706,0.854901961,1
DB,6,,0.4,3.15E-04,8.64E-03,8400,0.09,13.7,-0.2,13.5,0.878431373,0.901960784,1
DB,7,,0.3,1.80E-04,8.89E-03,7200,0.34,14.2,-0.09,14.11,0.952941176,0.952941176,1
DB,8,,0.2,1.05E-04,8.87E-03,6300,0.55,14.8,-0.1,14.7,1,0.968627451,0.960784314
DB,9,,0.1,6.73E-05,8.98E-03,5600,0.74,15.4,-0.22,15.18,1,0.937254902,0.882352941
DC,0,,1.1,6.91E+00,9.02E-03,100000,-0.37,10.2,-7.55,2.65,0.607843137,0.698039216,1
DC,1,,0.9,2.65E-01,6.96E-03,50400,-0.35,10.8,-4.61,6.19,0.623529412,0.709803922,1
DC,2,,0.8,2.55E-02,8.64E-03,25200,-0.27,11.4,-2.67,8.73,0.658823529,0.741176471,1
DC,3,,0.7,6.02E-03,9.44E-03,16800,-0.2,11.9,-1.6,10.3,0.701960784,0.77254902,1
DC,4,,0.6,1.82E-03,9.22E-03,12600,-0.13,12.5,-0.9,11.6,0.752941176,0.811764706,1
DC,5,,0.5,6.93E-04,8.90E-03,10080,-0.07,13.1,-0.45,12.65,0.811764706,0.854901961,1
DC,6,,0.4,3.15E-04,8.64E-03,8400,0.09,13.7,-0.2,13.5,0.878431373,0.901960784,1
DC,7,,0.3,1.80E-04,8.89E-03,7200,0.34,14.2,-0.09,14.11,0.952941176,0.952941176,1
DC,8,,0.2,1.05E-04,8.87E-03,6300,0.55,14.8,-0.1,14.7,1,0.968627451,0.960784314
DC,9,,0.1,6.73E-05,8.98E-03,5600,0.74,15.4,-0.22,15.18,1,0.937254902,0.882352941
DO,0,,1.1,6.91E+00,9.02E-03,100000,-0.37,10.2,-7.55,2.65,0.607843137,0.698039216,1
DO,1,,0.9,2.65E-01,6.96E-03,50400,-0.35,10.8,-4.61,6.19,0.623529412,0.709803922,1
DO,2,,0.8,2.55E-02,8.64E-03,25200,-0.27,11.4,-2.67,8.73,0.658823529,0.741176471,1
DO,3,,0.7,6.02E-03,9.44E-03,16800,-0.2,11.9,-1.6,10.3,0.701960784,0.77254902,1
DO,4,,0.6,1.82E-03,9.22E-03,12600,-0.13,12.5,-0.9,11.6,0.752941176,0.811764706,1
DO,5,,0.5,6.93E-04,8.90E-03,10080,-0.07,13.1,-0.45,12.65,0.811764706,0.854901961,1
DO,6,,0.4,3.15E-04,8.64E-03,8400,0.09,13.7,-0.2,13.5,0.878431373,0.901960784,1
DO,7,,0.3,1.80E-04,8.89E-03,7200,0.34,14.2,-0.09,14.11,0.952941176,0.952941176,1
DO,8,,0.2,1.05E-04,8.87E-03,6300,0.55,14.8,-0.1,14.7,1,0.968627451,0.960784314
DO,9,,0.1,6.73E-05,8.98E-03,5600,0.74,15.4,-0.22,15.18,1,0.937254902,0.882352941
DQ,0,,1.1,6.91E+00,9.02E-03,100000,-0.37,10.2,-7.55,2.65,0.607843137,0.698039216,1
DQ,1,,0.9,2.65E-01,6.96E-03,50400,-0.35,10.8,-4.61,6.19,0.623529412,0.709803922,1
DQ,2,,0.8,2.55E-02,8.64E-03,25200,-0.27,11.4,-2.67,8.73,0.658823529,0.741176471,1
DQ,3,,0.7,6.02E-03,9.44E-03,16800,-0.2,11.9,-1.6,10.3,0.701960784,0.77254902,1
DQ,4,,0.6,1.82E-03,9.22E-03,12600,-0.13,12.5,-0.9,11.6,0.752941176,0.811764706,1
DQ,5,,0.5,6.93E-04,8.90E-03,10080,-0.07,13.1,-0.45,12.65,0.811764706,0.854901961,1
DQ,6,,0.4,3.15E-04,8.64E-03,8400,0.09,13.7,-0.2,13.5,0.878431373,0.901960784,1
DQ,7,,0.3,1.80E-04,8.89E-03,7200,0.34,14.2,-0.09,14.11,0.952941176,0.952941176,1
DQ,8,,0.2,1.05E-04,8.87E-03,6300,0.55,14.8,-0.1,14.7,1,0.968627451,0.960784314
DQ,9,,0.1,6.73E-05,8.98E-03,5600,0.74,15.4,-0.22,15.18,1,0.937254902,0.882352941
DZ,0,,1.1,6.91E+00,9.02E-03,100000,-0.37,10.2,-7.55,2.65,0.607843137,0.698039216,1
DZ,1,,0.9,2.65E-01,6.96E-03,50400,-0.35,10.8,-4.61,6.19,0.623529412,0.709803922,1
DZ,2,,0.8,2.55E-02,8.64E-03,25200,-0.27,11.4,-2.67,8.73,0.658823529,0.741176471,1
DZ,3,,0.7,6.02E-03,9.44E-03,16800,-0.2,11.9,-1.6,10.3,0.701960784,0.77254902,1
DZ,4,,0.6,1.82E-03,9.22E-03,12600,-0.13,12.5,-0.9,11.6,0.752941176,0.811764706,1
DZ,5,,0.5,6.93E-04,8.90E-03,10080,-0.07,13.1,-0.45,12.65,0.811764706,0.854901961,1
DZ,6,,0.4,3.15E-04,8.64E-03,8400,0.09,13.7,-0.2,13.5,0.878431373,0.901960784,1
DZ,7,,0.3,1.80E-04,8.89E-03,7200,0.34,14.2,-0.09,14.11,0.952941176,0.952941176,1
DZ,8,,0.2,1.05E-04,8.87E-03,6300,0.55,14.8,-0.1,14.7,1,0.968627451,0.960784314
DZ,9,,0.1,6.73E-05,8.98E-03,5600,0.74,15.4,-0.22,15.18,1,0.937254902,0.882352941
