Type,Mass Mstar/Msun,Luminosity Lstar/Lsun,Radius Rstar/Rsun,Temp K,Color Index (B-V),Abs Mag Mv,Bolo Corr Temp,Bolo Mag Mbol,r,g,b
O0Ia,150,2.59E+06,2.21E+01,50000,-0.35,-6.7,-4.58,-11.28,0.564705882,0.650980392,1
O0Ib,140,2.15E+06,2.02E+01,50000,-0.35,-6.5,-4.58,-11.08,0.564705882,0.650980392,1
O0II,130,2.15E+06,2.02E+01,50000,-0.35,-6.5,-4.58,-11.08,0.564705882,0.650980392,1
O0III,120,2.15E+06,2.02E+01,50000,-0.35,-6.5,-4.58,-11.08,0.564705882,0.650980392,1
O0IV,110,1.36E+06,1.60E+01,50000,-0.35,-6,-4.58,-10.58,0.564705882,0.650980392,1
O0V,100,1.24E+06,1.53E+01,50000,-0.35,-5.9,-4.58,-10.48,0.564705882,0.650980392,1
O0VI,60,9.40E+05,1.33E+01,50000,-0.35,-5.6,-4.58,-10.18,0.564705882,0.650980392,1
O1Ia0,159.7,2.71E+07,7.88E+01,47600,-0.35,-9.4,-4.43,-13.83,0.564705882,0.650980392,1
O1Ia,149.3,2.25E+06,2.27E+01,47600,-0.35,-6.7,-4.43,-11.13,0.57254902,0.658823529,1
O1Ib,139,1.87E+06,2.07E+01,47600,-0.35,-6.5,-4.43,-10.93,0.57254902,0.658823529,1
O1II,128.6,1.73E+06,1.98E+01,47800,-0.35,-6.4,-4.44,-10.84,0.57254902,0.658823529,1
O1III,118.2,1.58E+06,1.89E+01,47800,-0.35,-6.3,-4.44,-10.74,0.57254902,0.658823529,1
O1IV,107.9,1.09E+06,1.57E+01,47800,-0.35,-5.9,-4.44,-10.34,0.57254902,0.658823529,1
O1V,97.5,9.94E+05,1.50E+01,47800,-0.35,-5.8,-4.44,-10.24,0.568627451,0.654901961,1
O1VI,37,7.54E+05,1.31E+01,47800,-0.35,-5.5,-4.44,-9.94,0.57254902,0.658823529,1
O2Ia0,159.4,2.14E+07,7.77E+01,45200,-0.35,-9.3,-4.28,-13.58,0.57254902,0.658823529,1
O2Ia,148.6,2.14E+06,2.46E+01,45200,-0.35,-6.8,-4.28,-11.08,0.580392157,0.666666667,1
O2Ib,137.9,1.62E+06,2.14E+01,45200,-0.35,-6.5,-4.28,-10.78,0.580392157,0.666666667,1
O2II,127.2,1.52E+06,2.03E+01,45600,-0.35,-6.4,-4.3,-10.7,0.580392157,0.666666667,1
O2III,116.5,1.26E+06,1.85E+01,45600,-0.35,-6.2,-4.3,-10.5,0.580392157,0.666666667,1
O2IV,105.7,8.72E+05,1.54E+01,45600,-0.35,-5.8,-4.3,-10.1,0.580392157,0.662745098,1
O2V,95,7.95E+05,1.47E+01,45600,-0.35,-5.7,-4.3,-10,0.57254902,0.662745098,1
O2VI,30,6.03E+05,1.28E+01,45600,-0.35,-5.4,-4.3,-9.7,0.580392157,0.666666667,1
O3Ia0,159,1.68E+07,7.69E+01,42800,-0.34,-9.2,-4.12,-13.32,0.580392157,0.666666667,1
O3Ia,148,1.85E+06,2.55E+01,42800,-0.34,-6.8,-4.12,-10.92,0.592156863,0.674509804,1
O3Ib,136.9,1.40E+06,2.22E+01,42800,-0.34,-6.5,-4.12,-10.62,0.592156863,0.674509804,1
O3II,125.8,1.21E+06,2.00E+01,43400,-0.34,-6.3,-4.16,-10.46,0.592156863,0.674509804,1
O3III,114.7,9.17E+05,1.75E+01,43400,-0.34,-6,-4.16,-10.16,0.584313725,0.678431373,1
O3IV,103.6,6.96E+05,1.52E+01,43400,-0.34,-5.7,-4.16,-9.86,0.588235294,0.670588235,1
O3V,92.5,6.34E+05,1.45E+01,43400,-0.34,-5.6,-4.16,-9.76,0.580392157,0.666666667,1
O3VI,23,4.81E+05,1.26E+01,43400,-0.34,-5.3,-4.16,-9.46,0.592156863,0.674509804,1
O4Ia0,158.7,1.32E+07,7.64E+01,40400,-0.33,-9.1,-3.95,-13.05,0.592156863,0.674509804,1
O4Ia,147.3,1.74E+06,2.77E+01,40400,-0.33,-6.9,-3.95,-10.85,0.6,0.682352941,1
O4Ib,135.8,1.20E+06,2.31E+01,40400,-0.33,-6.5,-3.95,-10.45,0.6,0.682352941,1
O4II,124.4,9.60E+05,1.98E+01,41200,-0.34,-6.2,-4.01,-10.21,0.6,0.682352941,1
O4III,112.9,7.28E+05,1.73E+01,41200,-0.34,-5.9,-4.01,-9.91,0.592156863,0.68627451,1
O4IV,101.5,5.52E+05,1.50E+01,41200,-0.34,-5.6,-4.01,-9.61,0.596078431,0.674509804,1
O4V,90,5.04E+05,1.44E+01,41200,-0.34,-5.5,-4.01,-9.51,0.584313725,0.670588235,1
O4VI,20,3.82E+05,1.25E+01,41200,-0.34,-5.2,-4.01,-9.21,0.6,0.682352941,1
O5Ia0,158.4,1.03E+07,7.62E+01,38000,-0.33,-9,-3.78,-12.78,0.6,0.682352941,1
O5Ia,142,1.48E+06,2.90E+01,38000,-0.33,-6.9,-3.78,-10.68,0.607843137,0.690196078,1
O5Ib,125.6,1.03E+06,2.41E+01,38000,-0.33,-6.5,-3.78,-10.28,0.607843137,0.690196078,1
O5II,109.2,7.59E+05,1.97E+01,39000,-0.33,-6.1,-3.85,-9.95,0.607843137,0.690196078,1
O5III,92.8,5.25E+05,1.64E+01,39000,-0.33,-5.7,-3.85,-9.55,0.6,0.694117647,1
O5IV,76.4,4.37E+05,1.49E+01,39000,-0.33,-5.5,-3.85,-9.35,0.603921569,0.682352941,1
O5V,60,3.98E+05,1.42E+01,39000,-0.33,-5.4,-3.85,-9.25,0.588235294,0.674509804,1
O5VI,17.5,3.02E+05,1.24E+01,39000,-0.33,-5.1,-3.85,-8.95,0.607843137,0.690196078,1
O6Ia0,136.7,7.81E+06,7.66E+01,35400,-0.32,-8.9,-3.58,-12.48,0.607843137,0.690196078,1
O6Ia,120.1,1.36E+06,3.19E+01,35400,-0.32,-7,-3.58,-10.58,0.615686275,0.698039216,1
O6Ib,103.5,7.81E+05,2.42E+01,35400,-0.32,-6.4,-3.58,-9.98,0.615686275,0.698039216,1
O6II,86.9,6.54E+05,2.05E+01,36800,-0.32,-6.1,-3.69,-9.79,0.615686275,0.698039216,1
O6III,70.2,3.76E+05,1.56E+01,36800,-0.32,-5.5,-3.69,-9.19,0.607843137,0.701960784,1
O6IV,53.6,3.13E+05,1.42E+01,36800,-0.32,-5.3,-3.69,-8.99,0.611764706,0.68627451,1
O6V,37,2.60E+05,1.29E+01,36800,-0.32,-5.1,-3.69,-8.79,0.592156863,0.682352941,1
O6VI,14.2,1.80E+05,1.08E+01,36800,-0.32,-4.7,-3.69,-8.39,0.635294118,0.721568627,1
O7Ia0,115.1,5.88E+06,7.74E+01,32800,-0.31,-8.8,-3.37,-12.17,0.635294118,0.721568627,1
O7Ia,100.9,1.12E+06,3.38E+01,32800,-0.31,-7,-3.37,-10.37,0.62745098,0.709803922,1
O7Ib,86.7,5.88E+05,2.45E+01,32800,-0.31,-6.3,-3.37,-9.67,0.62745098,0.709803922,1
O7II,72.5,5.10E+05,2.05E+01,34600,-0.32,-6,-3.52,-9.52,0.62745098,0.709803922,1
O7III,58.4,2.94E+05,1.55E+01,34600,-0.32,-5.4,-3.52,-8.92,0.611764706,0.709803922,1
O7IV,44.2,2.23E+05,1.35E+01,34600,-0.32,-5.1,-3.52,-8.62,0.619607843,0.694117647,1
O7V,30,1.54E+05,1.13E+01,34600,-0.32,-4.7,-3.52,-8.22,0.596078431,0.68627451,1
O7VI,10.9,1.07E+05,9.36E+00,34600,-0.32,-4.3,-3.52,-7.82,0.615686275,0.694117647,1
O8Ia0,93.4,4.37E+06,7.87E+01,30200,-0.3,-8.7,-3.15,-11.85,0.615686275,0.694117647,1
O8Ia,81.7,9.13E+05,3.60E+01,30200,-0.3,-7,-3.15,-10.15,0.635294118,0.717647059,1
O8Ib,69.9,4.37E+05,2.49E+01,30200,-0.3,-6.2,-3.15,-9.35,0.635294118,0.717647059,1
O8II,58.2,3.60E+05,1.96E+01,32400,-0.31,-5.8,-3.34,-9.14,0.635294118,0.717647059,1
O8III,46.5,2.07E+05,1.49E+01,32400,-0.31,-5.2,-3.34,-8.54,0.619607843,0.717647059,1
O8IV,34.7,1.57E+05,1.30E+01,32400,-0.31,-4.9,-3.34,-8.24,0.615686275,0.698039216,1
O8V,23,9.91E+04,1.03E+01,32400,-0.31,-4.4,-3.34,-7.74,0.6,0.690196078,1
O8VI,7.6,5.70E+04,7.81E+00,32400,-0.31,-3.8,-3.34,-7.14,0.615686275,0.694117647,1
O9Ia0,71.8,3.19E+06,8.05E+01,27600,-0.29,-8.6,-2.91,-11.51,0.615686275,0.694117647,1
O9Ia,63.1,7.31E+05,3.85E+01,27600,-0.29,-7,-2.91,-9.91,0.643137255,0.725490196,1
O9Ib,54.5,3.19E+05,2.55E+01,27600,-0.29,-6.1,-2.91,-9.01,0.643137255,0.725490196,1
O9II,45.9,2.76E+05,1.98E+01,30200,-0.3,-5.7,-3.15,-8.85,0.643137255,0.725490196,1
O9III,37.3,1.59E+05,1.50E+01,30200,-0.3,-5.1,-3.15,-8.25,0.62745098,0.729411765,1
O9IV,28.6,1.10E+05,1.25E+01,30200,-0.3,-4.7,-3.15,-7.85,0.619607843,0.694117647,1
O9V,20,5.76E+04,9.04E+00,30200,-0.3,-4,-3.15,-7.15,0.607843137,0.694117647,1
O9VI,6.7,3.31E+04,6.85E+00,30200,-0.3,-3.4,-3.15,-6.55,0.603921569,0.698039216,1
B0Ia0,50.1,2.28E+06,8.30E+01,25000,-0.27,-8.5,-2.65,-11.15,0.603921569,0.698039216,1
B0Ia,44.7,5.73E+05,4.16E+01,25000,-0.27,-7,-2.65,-9.65,0.631372549,0.741176471,1
B0Ib,39.2,2.28E+05,2.62E+01,25000,-0.27,-6,-2.65,-8.65,0.631372549,0.741176471,1
B0II,33.8,1.90E+05,1.91E+01,28000,-0.29,-5.5,-2.95,-8.45,0.631372549,0.741176471,1
B0III,28.4,1.09E+05,1.45E+01,28000,-0.29,-4.9,-2.95,-7.85,0.635294118,0.737254902,1
B0IV,22.9,7.57E+04,1.21E+01,28000,-0.29,-4.5,-2.95,-7.45,0.619607843,0.694117647,1
B0V,17.5,3.62E+04,8.34E+00,28000,-0.29,-3.7,-2.95,-6.65,0.611764706,0.701960784,1
B0VI,5.9,1.90E+04,6.04E+00,28000,-0.29,-3,-2.95,-5.95,0.611764706,0.698039216,1
B1Ia0,45.1,2.02E+06,8.62E+01,23790,-0.26,-8.5,-2.51,-11.01,0.611764706,0.698039216,1
B1Ia,40,5.07E+05,4.32E+01,23790,-0.26,-7,-2.51,-9.51,0.658823529,0.756862745,1
B1Ib,34.8,1.84E+05,2.60E+01,23790,-0.26,-5.9,-2.51,-8.41,0.658823529,0.756862745,1
B1II,29.7,1.34E+05,1.83E+01,26190,-0.28,-5.3,-2.77,-8.07,0.658823529,0.756862745,1
B1III,24.5,5.34E+04,1.16E+01,26190,-0.28,-4.3,-2.77,-7.07,0.639215686,0.745098039,1
B1IV,19.4,3.70E+04,9.63E+00,26190,-0.28,-3.9,-2.77,-6.67,0.619607843,0.694117647,1
B1V,14.2,1.94E+04,6.97E+00,26190,-0.28,-3.2,-2.77,-5.97,0.615686275,0.705882353,1
B1VI,5.2,1.02E+04,5.05E+00,26190,-0.28,-2.5,-2.77,-5.27,0.62745098,0.71372549,1
B2Ia0,40.1,1.62E+06,8.57E+01,22580,-0.25,-8.4,-2.37,-10.77,0.62745098,0.71372549,1
B2Ia,35.2,4.46E+05,4.50E+01,22580,-0.25,-7,-2.37,-9.37,0.694117647,0.768627451,1
B2Ib,30.4,1.62E+05,2.71E+01,22580,-0.25,-5.9,-2.37,-8.27,0.694117647,0.768627451,1
B2II,25.5,9.36E+04,1.77E+01,24380,-0.27,-5.1,-2.58,-7.68,0.694117647,0.768627451,1
B2III,20.6,2.83E+04,9.71E+00,24380,-0.27,-3.8,-2.58,-6.38,0.647058824,0.752941176,1
B2IV,15.8,1.96E+04,8.08E+00,24380,-0.27,-3.4,-2.58,-5.98,0.623529412,0.705882353,1
B2V,10.9,9.36E+03,5.59E+00,24380,-0.27,-2.6,-2.58,-5.18,0.623529412,0.701960784,1
B2VI,4.5,5.39E+03,4.24E+00,24380,-0.27,-2,-2.58,-4.58,0.62745098,0.705882353,1
B3Ia0,35.1,1.42E+06,8.95E+01,21370,-0.24,-8.4,-2.23,-10.63,0.62745098,0.705882353,1
B3Ia,30.5,4.28E+05,4.92E+01,21370,-0.24,-7.1,-2.23,-9.33,0.68627451,0.760784314,1
B3Ib,25.9,1.29E+05,2.70E+01,21370,-0.24,-5.8,-2.23,-8.03,0.68627451,0.760784314,1
B3II,21.4,6.45E+04,1.71E+01,22570,-0.25,-4.9,-2.37,-7.27,0.68627451,0.760784314,1
B3III,16.8,1.35E+04,7.82E+00,22570,-0.25,-3.2,-2.37,-5.57,0.658823529,0.756862745,1
B3IV,12.2,9.32E+03,6.51E+00,22570,-0.25,-2.8,-2.37,-5.17,0.639215686,0.733333333,1
B3V,7.6,4.89E+03,4.71E+00,22570,-0.25,-2.1,-2.37,-4.47,0.650980392,0.737254902,1
B3VI,3.8,2.57E+03,3.41E+00,22570,-0.25,-1.4,-2.37,-3.77,0.647058824,0.725490196,1
B4Ia0,30.1,1.23E+06,9.37E+01,20160,-0.23,-8.4,-2.07,-10.47,0.647058824,0.725490196,1
B4Ia,26.2,3.38E+05,4.92E+01,20160,-0.23,-7,-2.07,-9.07,0.733333333,0.796078431,1
B4Ib,22.3,1.12E+05,2.83E+01,20160,-0.23,-5.8,-2.07,-7.87,0.733333333,0.796078431,1
B4II,18.4,4.37E+04,1.67E+01,20760,-0.24,-4.7,-2.15,-6.85,0.733333333,0.796078431,1
B4III,14.5,6.93E+03,6.63E+00,20760,-0.24,-2.7,-2.15,-4.85,0.674509804,0.760784314,1
B4IV,10.6,4.79E+03,5.52E+00,20760,-0.24,-2.3,-2.15,-4.45,0.650980392,0.737254902,1
B4V,6.7,2.29E+03,3.82E+00,20760,-0.24,-1.5,-2.15,-3.65,0.662745098,0.745098039,1
B4VI,3.4,1.32E+03,2.89E+00,20760,-0.24,-0.9,-2.15,-3.05,0.643137255,0.721568627,1
B5Ia0,25.1,9.65E+05,9.39E+01,18950,-0.22,-8.3,-1.91,-10.21,0.643137255,0.721568627,1
B5Ia,21.9,2.91E+05,5.16E+01,18950,-0.22,-7,-1.91,-8.91,0.701960784,0.792156863,1
B5Ib,18.7,8.80E+04,2.84E+01,18950,-0.22,-5.7,-1.91,-7.61,0.701960784,0.792156863,1
B5II,15.5,2.91E+04,1.63E+01,18950,-0.22,-4.5,-1.91,-6.41,0.701960784,0.792156863,1
B5III,12.3,3.19E+03,5.40E+00,18950,-0.22,-2.1,-1.91,-4.01,0.68627451,0.764705882,1
B5IV,9.1,2.21E+03,4.50E+00,18950,-0.22,-1.7,-1.91,-3.61,0.658823529,0.741176471,1
B5V,5.9,1.16E+03,3.26E+00,18950,-0.22,-1,-1.91,-2.91,0.674509804,0.752941176,1
B5VI,2.9,6.67E+02,2.47E+00,18950,-0.22,-0.4,-1.91,-2.31,0.666666667,0.749019608,1
B6Ia0,23.2,7.58E+05,1.02E+02,17140,-0.2,-8.3,-1.65,-9.95,0.666666667,0.749019608,1
B6Ia,20.2,2.29E+05,5.59E+01,17140,-0.2,-7,-1.65,-8.65,0.749019608,0.811764706,1
B6Ib,17.2,6.31E+04,2.94E+01,17140,-0.2,-5.6,-1.65,-7.25,0.749019608,0.811764706,1
B6II,14.2,1.74E+04,1.54E+01,17140,-0.2,-4.2,-1.65,-5.85,0.749019608,0.811764706,1
B6III,11.2,1.74E+03,4.87E+00,17140,-0.2,-1.7,-1.65,-3.35,0.694117647,0.768627451,1
B6IV,8.2,1.20E+03,4.05E+00,17140,-0.2,-1.3,-1.65,-2.95,0.666666667,0.745098039,1
B6V,5.2,6.92E+02,3.07E+00,17140,-0.2,-0.7,-1.65,-2.35,0.68627451,0.760784314,1
B6VI,2.7,3.63E+02,2.23E+00,17140,-0.2,0,-1.65,-1.65,0.674509804,0.741176471,1
B7Ia0,21.4,5.33E+05,1.07E+02,15330,-0.18,-8.2,-1.37,-9.57,0.674509804,0.741176471,1
B7Ia,18.6,1.93E+05,6.43E+01,15330,-0.18,-7.1,-1.37,-8.47,0.764705882,0.819607843,1
B7Ib,15.8,4.43E+04,3.08E+01,15330,-0.18,-5.5,-1.37,-6.87,0.764705882,0.819607843,1
B7II,12.9,1.11E+04,1.54E+01,15330,-0.18,-4,-1.37,-5.37,0.764705882,0.819607843,1
B7III,10.1,1.01E+03,4.66E+00,15330,-0.18,-1.4,-1.37,-2.77,0.701960784,0.776470588,1
B7IV,7.3,6.40E+02,3.70E+00,15330,-0.18,-0.9,-1.37,-2.27,0.670588235,0.749019608,1
B7V,4.5,4.04E+02,2.94E+00,15330,-0.18,-0.4,-1.37,-1.77,0.666666667,0.741176471,1
B7VI,2.5,1.93E+02,2.03E+00,15330,-0.18,0.4,-1.37,-0.97,0.678431373,0.749019608,1
B8Ia0,19.5,3.67E+05,1.14E+02,13520,-0.15,-8.1,-1.06,-9.16,0.678431373,0.749019608,1
B8Ia,16.9,1.60E+05,7.52E+01,13520,-0.15,-7.2,-1.06,-8.26,0.71372549,0.807843137,1
B8Ib,14.3,3.34E+04,3.44E+01,13520,-0.15,-5.5,-1.06,-6.56,0.71372549,0.807843137,1
B8II,11.7,6.99E+03,1.57E+01,13520,-0.15,-3.8,-1.06,-4.86,0.71372549,0.807843137,1
B8III,9,5.30E+02,4.33E+00,13520,-0.15,-1,-1.06,-2.06,0.709803922,0.780392157,1
B8IV,6.4,3.34E+02,3.44E+00,13520,-0.15,-0.5,-1.06,-1.56,0.68627451,0.756862745,1
B8V,3.8,2.11E+02,2.73E+00,13520,-0.15,0,-1.06,-1.06,0.68627451,0.756862745,1
B8VI,2.4,1.01E+02,1.89E+00,13520,-0.15,0.8,-1.06,-0.26,0.694117647,0.764705882,1
B9Ia0,17.7,2.73E+05,1.31E+02,11710,-0.11,-8.1,-0.74,-8.84,0.694117647,0.764705882,1
B9Ia,15.3,1.31E+05,9.05E+01,11710,-0.11,-7.3,-0.74,-8.04,0.8,0.847058824,1
B9Ib,12.9,2.27E+04,3.77E+01,11710,-0.11,-5.4,-0.74,-6.14,0.8,0.847058824,1
B9II,10.5,4.32E+03,1.65E+01,11710,-0.11,-3.6,-0.74,-4.34,0.8,0.847058824,1
B9III,8.1,2.99E+02,4.33E+00,11710,-0.11,-0.7,-0.74,-1.44,0.71372549,0.788235294,1
B9IV,5.7,1.72E+02,3.29E+00,11710,-0.11,-0.1,-0.74,-0.84,0.698039216,0.764705882,1
B9V,3.4,1.19E+02,2.73E+00,11710,-0.11,0.3,-0.74,-0.44,0.705882353,0.77254902,1
B9VI,2.1,5.20E+01,1.81E+00,11710,-0.11,1.2,-0.74,0.46,0.709803922,0.776470588,1
A0Ia0,15.8,1.86E+05,1.51E+02,9900,-0.06,-8,-0.42,-8.42,0.709803922,0.776470588,1
A0Ia,13.7,1.07E+05,1.14E+02,9900,-0.06,-7.4,-0.42,-7.82,0.733333333,0.807843137,1
A0Ib,11.5,1.54E+04,4.35E+01,9900,-0.06,-5.3,-0.42,-5.72,0.733333333,0.807843137,1
A0II,9.4,2.68E+03,1.81E+01,9900,-0.06,-3.4,-0.42,-3.82,0.733333333,0.807843137,1
A0III,7.2,1.54E+02,4.35E+00,9900,-0.06,-0.3,-0.42,-0.72,0.721568627,0.792156863,1
A0IV,5.1,8.88E+01,3.30E+00,9900,-0.06,0.3,-0.42,-0.12,0.737254902,0.803921569,1
A0V,2.9,6.74E+01,2.88E+00,9900,-0.06,0.6,-0.42,0.18,0.701960784,0.77254902,1
A0VI,1.9,2.68E+01,1.81E+00,9900,-0.06,1.6,-0.42,1.18,0.725490196,0.788235294,1
A1Ia0,15.2,1.98E+05,1.62E+02,9707,-0.06,-8.1,-0.39,-8.49,0.725490196,0.788235294,1
A1Ia,13.1,1.14E+05,1.23E+02,9707,-0.06,-7.5,-0.39,-7.89,0.839215686,0.874509804,1
A1Ib,11,1.50E+04,4.46E+01,9707,-0.06,-5.3,-0.39,-5.69,0.839215686,0.874509804,1
A1II,8.9,2.35E+03,1.79E+01,9650,-0.06,-3.3,-0.38,-3.68,0.839215686,0.874509804,1
A1III,6.9,1.24E+02,4.10E+00,9650,-0.06,-0.1,-0.38,-0.48,0.729411765,0.8,1
A1IV,4.8,7.11E+01,3.11E+00,9650,-0.06,0.5,-0.38,0.12,0.737254902,0.8,1
A1V,2.7,4.92E+01,2.59E+00,9650,-0.06,0.9,-0.38,0.52,0.717647059,0.784313725,1
A1VI,1.8,1.96E+01,1.63E+00,9650,-0.06,1.9,-0.38,1.52,0.709803922,0.780392157,1
A2Ia0,14.5,2.10E+05,1.74E+02,9513,-0.05,-8.2,-0.36,-8.56,0.709803922,0.780392157,1
A2Ia,12.5,1.21E+05,1.32E+02,9513,-0.05,-7.6,-0.36,-7.96,0.780392157,0.839215686,1
A2Ib,10.5,1.33E+04,4.37E+01,9513,-0.05,-5.2,-0.36,-5.56,0.780392157,0.839215686,1
A2II,8.5,2.07E+03,1.77E+01,9400,-0.05,-3.2,-0.34,-3.54,0.780392157,0.839215686,1
A2III,6.5,9.90E+01,3.87E+00,9400,-0.05,0.1,-0.34,-0.24,0.737254902,0.803921569,1
A2IV,4.5,5.70E+01,2.93E+00,9400,-0.05,0.7,-0.34,0.36,0.741176471,0.8,1
A2V,2.5,3.94E+01,2.44E+00,9400,-0.05,1.1,-0.34,0.76,0.729411765,0.792156863,1
A2VI,1.8,1.57E+01,1.54E+00,9400,-0.05,2.1,-0.34,1.76,0.733333333,0.796078431,1
A3Ia0,13.9,2.24E+05,1.87E+02,9320,-0.05,-8.3,-0.33,-8.63,0.733333333,0.796078431,1
A3Ia,12,1.29E+05,1.42E+02,9320,-0.05,-7.7,-0.33,-8.03,0.811764706,0.858823529,1
A3Ib,10,1.29E+04,4.49E+01,9320,-0.05,-5.2,-0.33,-5.53,0.811764706,0.858823529,1
A3II,8.1,1.66E+03,1.67E+01,9150,-0.04,-3,-0.3,-3.3,0.811764706,0.858823529,1
A3III,6.2,8.71E+01,3.83E+00,9150,-0.04,0.2,-0.3,-0.1,0.745098039,0.811764706,1
A3IV,4.3,4.17E+01,2.65E+00,9150,-0.04,1,-0.3,0.7,0.741176471,0.796078431,1
A3V,2.4,2.89E+01,2.20E+00,9150,-0.04,1.4,-0.3,1.1,0.745098039,0.803921569,1
A3VI,1.8,1.15E+01,1.39E+00,9150,-0.04,2.4,-0.3,2.1,0.749019608,0.811764706,1
A4Ia0,13.2,2.39E+05,2.02E+02,9127,-0.04,-8.4,-0.3,-8.7,0.749019608,0.811764706,1
A4Ia,11.4,1.38E+05,1.53E+02,9127,-0.04,-7.8,-0.3,-8.1,0.843137255,0.878431373,1
A4Ib,9.5,1.14E+04,4.41E+01,9127,-0.04,-5.1,-0.3,-5.4,0.843137255,0.878431373,1
A4II,7.7,1.46E+03,1.66E+01,8900,0,-2.9,-0.26,-3.16,0.843137255,0.878431373,1
A4III,5.8,7.00E+01,3.63E+00,8900,0,0.4,-0.26,0.14,0.752941176,0.815686275,1
A4IV,4,3.35E+01,2.51E+00,8900,0,1.2,-0.26,0.94,0.768627451,0.819607843,1
A4V,2.1,2.32E+01,2.09E+00,8900,0,1.6,-0.26,1.34,0.764705882,0.823529412,1
A4VI,1.7,9.23E+00,1.32E+00,8900,0,2.6,-0.26,2.34,0.77254902,0.82745098,1
A5Ia0,12.6,2.55E+05,2.17E+02,8933,0,-8.5,-0.27,-8.77,0.77254902,0.82745098,1
A5Ia,10.8,1.61E+05,1.73E+02,8933,0,-8,-0.27,-8.27,0.874509804,0.898039216,1
A5Ib,9,1.11E+04,4.54E+01,8933,0,-5.1,-0.27,-5.37,0.874509804,0.898039216,1
A5II,7.2,1.29E+03,1.65E+01,8650,0.05,-2.8,-0.23,-3.03,0.874509804,0.898039216,1
A5III,5.4,5.64E+01,3.45E+00,8650,0.05,0.6,-0.23,0.37,0.760784314,0.823529412,1
A5IV,3.7,2.70E+01,2.38E+00,8650,0.05,1.4,-0.23,1.17,0.792156863,0.843137255,1
A5V,1.9,1.70E+01,1.89E+00,8650,0.05,1.9,-0.23,1.67,0.831372549,0.862745098,1
A5VI,1.6,6.78E+00,1.20E+00,8650,0.05,2.9,-0.23,2.67,0.792156863,0.843137255,1
A6Ia0,12.6,2.49E+05,2.24E+02,8740,0.03,-8.5,-0.24,-8.74,0.792156863,0.843137255,1
A6Ia,10.8,1.89E+05,1.95E+02,8740,0.03,-8.2,-0.24,-8.44,0.858823529,0.88627451,1
A6Ib,9,1.09E+04,4.69E+01,8740,0.03,-5.1,-0.24,-5.34,0.858823529,0.88627451,1
A6II,7.2,1.14E+03,1.65E+01,8400,0.09,-2.7,-0.2,-2.9,0.858823529,0.88627451,1
A6III,5.4,4.55E+01,3.28E+00,8400,0.09,0.8,-0.2,0.6,0.768627451,0.82745098,1
A6IV,3.6,2.18E+01,2.27E+00,8400,0.09,1.6,-0.2,1.4,0.819607843,0.858823529,1
A6V,1.8,1.51E+01,1.89E+00,8400,0.09,2,-0.2,1.8,0.792156863,0.839215686,1
A6VI,1.6,5.47E+00,1.14E+00,8400,0.09,3.1,-0.2,2.9,0.780392157,0.831372549,1
A7Ia0,12.6,2.67E+05,2.43E+02,8547,0.07,-8.6,-0.21,-8.81,0.780392157,0.831372549,1
A7Ia,10.8,2.22E+05,2.21E+02,8547,0.07,-8.4,-0.21,-8.61,0.843137255,0.874509804,1
A7Ib,9,1.06E+04,4.84E+01,8547,0.07,-5.1,-0.21,-5.31,0.843137255,0.874509804,1
A7II,7.2,1.11E+03,1.72E+01,8150,0.14,-2.7,-0.17,-2.87,0.843137255,0.874509804,1
A7III,5.4,3.68E+01,3.14E+00,8150,0.14,1,-0.17,0.83,0.77254902,0.835294118,1
A7IV,3.6,1.93E+01,2.27E+00,8150,0.14,1.7,-0.17,1.53,0.823529412,0.858823529,1
A7V,1.8,1.22E+01,1.81E+00,8150,0.14,2.2,-0.17,2.03,0.752941176,0.811764706,1
A7VI,1.5,4.43E+00,1.09E+00,8150,0.14,3.3,-0.17,3.13,0.784313725,0.835294118,1
A8Ia0,12.6,2.60E+05,2.51E+02,8353,0.1,-8.6,-0.19,-8.79,0.784313725,0.835294118,1
A8Ia,10.8,2.38E+05,2.40E+02,8353,0.1,-8.5,-0.19,-8.69,0.823529412,0.866666667,1
A8Ib,9,1.04E+04,5.01E+01,8353,0.1,-5.1,-0.19,-5.29,0.823529412,0.866666667,1
A8II,7.2,9.90E+02,1.73E+01,7900,0.19,-2.6,-0.14,-2.74,0.823529412,0.866666667,1
A8III,5.4,3.28E+01,3.15E+00,7900,0.19,1.1,-0.14,0.96,0.780392157,0.839215686,1
A8IV,3.6,1.57E+01,2.18E+00,7900,0.19,1.9,-0.14,1.76,0.819607843,0.858823529,1
A8V,1.8,1.09E+01,1.81E+00,7900,0.19,2.3,-0.14,2.16,0.815686275,0.850980392,1
A8VI,1.5,3.59E+00,1.04E+00,7900,0.19,3.5,-0.14,3.36,0.835294118,0.870588235,1
A9Ia0,12.6,2.80E+05,2.73E+02,8160,0.14,-8.7,-0.17,-8.87,0.835294118,0.870588235,1
A9Ia,10.8,2.33E+05,2.49E+02,8160,0.14,-8.5,-0.17,-8.67,0.807843137,0.854901961,1
A9Ib,9,1.02E+04,5.20E+01,8160,0.14,-5.1,-0.17,-5.27,0.807843137,0.854901961,1
A9II,7.1,9.70E+02,1.83E+01,7650,0.24,-2.6,-0.12,-2.72,0.807843137,0.854901961,1
A9III,5.3,2.67E+01,3.03E+00,7650,0.24,1.3,-0.12,1.18,0.788235294,0.847058824,1
A9IV,3.5,1.40E+01,2.20E+00,7650,0.24,2,-0.12,1.88,0.819607843,0.858823529,1
A9V,1.7,8.85E+00,1.75E+00,7650,0.24,2.5,-0.12,2.38,0.878431373,0.890196078,1
A9VI,1.4,2.93E+00,1.00E+00,7650,0.24,3.7,-0.12,3.58,0.858823529,0.878431373,1
F0Ia0,12.6,2.74E+05,2.83E+02,7967,0.18,-8.7,-0.15,-8.85,0.858823529,0.878431373,1
F0Ia,10.8,2.28E+05,2.58E+02,7967,0.18,-8.5,-0.15,-8.65,0.792156863,0.843137255,1
F0Ib,8.9,9.96E+03,5.40E+01,7967,0.18,-5.1,-0.15,-5.25,0.792156863,0.843137255,1
F0II,7.1,8.70E+02,1.85E+01,7400,0.3,-2.5,-0.1,-2.6,0.792156863,0.843137255,1
F0III,5.3,2.19E+01,2.93E+00,7400,0.3,1.5,-0.1,1.4,0.796078431,0.850980392,1
F0IV,3.4,1.15E+01,2.12E+00,7400,0.3,2.2,-0.1,2.1,0.835294118,0.870588235,1
F0V,1.6,7.94E+00,1.77E+00,7400,0.3,2.6,-0.1,2.5,0.854901961,0.878431373,1
F0VI,1.4,2.40E+00,9.71E-01,7400,0.3,3.9,-0.1,3.8,0.878431373,0.898039216,1
F1Ia0,12.1,2.96E+05,3.09E+02,7773,0.22,-8.8,-0.13,-8.93,0.878431373,0.898039216,1
F1Ia,10.3,2.24E+05,2.69E+02,7773,0.22,-8.5,-0.13,-8.63,0.874509804,0.898039216,1
F1Ib,8.6,9.79E+03,5.62E+01,7773,0.22,-5.1,-0.13,-5.23,0.874509804,0.898039216,1
F1II,6.8,8.65E+02,1.92E+01,7260,0.33,-2.5,-0.09,-2.59,0.874509804,0.898039216,1
F1III,5.1,2.17E+01,3.04E+00,7260,0.33,1.5,-0.09,1.41,0.847058824,0.882352941,1
F1IV,3.3,1.25E+01,2.30E+00,7260,0.33,2.1,-0.09,2.01,0.890196078,0.909803922,1
F1V,1.6,6.56E+00,1.67E+00,7260,0.33,2.8,-0.09,2.71,0.874509804,0.890196078,1
F1VI,1.3,1.98E+00,9.17E-01,7260,0.33,4.1,-0.09,4.01,0.901960784,0.917647059,1
F2Ia0,11.6,2.91E+05,3.23E+02,7580,0.26,-8.8,-0.11,-8.91,0.901960784,0.917647059,1
F2Ia,9.9,2.02E+05,2.68E+02,7580,0.26,-8.4,-0.11,-8.51,0.956862745,0.952941176,1
F2Ib,8.2,8.80E+03,5.61E+01,7580,0.26,-5,-0.11,-5.11,0.956862745,0.952941176,1
F2II,6.5,8.60E+02,1.99E+01,7120,0.36,-2.5,-0.09,-2.59,0.956862745,0.952941176,1
F2III,4.9,1.97E+01,3.01E+00,7120,0.36,1.6,-0.09,1.51,0.898039216,0.91372549,1
F2IV,3.2,1.49E+01,2.62E+00,7120,0.36,1.9,-0.09,1.81,0.945098039,0.945098039,1
F2V,1.5,5.95E+00,1.65E+00,7120,0.36,2.9,-0.09,2.81,0.890196078,0.901960784,1
F2VI,1.3,1.64E+00,8.67E-01,7120,0.36,4.3,-0.09,4.21,0.925490196,0.937254902,1
F3Ia0,11,3.16E+05,3.54E+02,7387,0.3,-8.9,-0.1,-9,0.925490196,0.937254902,1
F3Ia,9.4,1.99E+05,2.81E+02,7387,0.3,-8.4,-0.1,-8.5,0.925490196,0.929411765,1
F3Ib,7.9,8.70E+03,5.87E+01,7387,0.3,-5,-0.1,-5.1,0.925490196,0.929411765,1
F3II,6.3,7.82E+02,1.97E+01,6980,0.39,-2.4,-0.08,-2.48,0.925490196,0.929411765,1
F3III,4.7,1.96E+01,3.12E+00,6980,0.39,1.6,-0.08,1.52,0.921568627,0.929411765,1
F3IV,3.1,1.63E+01,2.85E+00,6980,0.39,1.8,-0.08,1.72,0.945098039,0.945098039,1
F3V,1.5,4.94E+00,1.57E+00,6980,0.39,3.1,-0.08,3.02,0.890196078,0.901960784,1
F3VI,1.2,1.49E+00,8.60E-01,6980,0.39,4.4,-0.08,4.32,0.901960784,0.91372549,1
F4Ia0,10.5,3.43E+05,3.89E+02,7193,0.34,-9,-0.09,-9.09,0.901960784,0.91372549,1
F4Ia,9,1.80E+05,2.82E+02,7193,0.34,-8.3,-0.09,-8.39,0.890196078,0.905882353,1
F4Ib,7.5,7.86E+03,5.89E+01,7193,0.34,-4.9,-0.09,-4.99,0.890196078,0.905882353,1
F4II,6,7.81E+02,2.05E+01,6840,0.42,-2.4,-0.08,-2.48,0.890196078,0.905882353,1
F4III,4.5,1.96E+01,3.25E+00,6840,0.42,1.6,-0.08,1.52,0.945098039,0.945098039,1
F4IV,3,1.96E+01,3.25E+00,6840,0.42,1.6,-0.08,1.52,0.945098039,0.941176471,1
F4V,1.4,4.50E+00,1.56E+00,6840,0.42,3.2,-0.08,3.12,0.917647059,0.921568627,1
F4VI,1.1,1.24E+00,8.17E-01,6840,0.42,4.6,-0.08,4.52,0.878431373,0.88627451,1
F5Ia0,10,3.74E+05,4.29E+02,7000,0.39,-9.1,-0.08,-9.18,0.878431373,0.88627451,1
F5Ia,8.6,1.63E+05,2.83E+02,7000,0.39,-8.2,-0.08,-8.28,0.858823529,0.882352941,1
F5Ib,7.1,7.82E+03,6.20E+01,7000,0.39,-4.9,-0.08,-4.98,0.858823529,0.882352941,1
F5II,5.7,7.83E+02,2.14E+01,6700,0.46,-2.4,-0.08,-2.48,0.858823529,0.882352941,1
F5III,4.3,2.16E+01,3.55E+00,6700,0.46,1.5,-0.08,1.42,0.968627451,0.949019608,1
F5IV,2.8,2.16E+01,3.55E+00,6700,0.46,1.5,-0.08,1.42,0.949019608,0.941176471,1
F5V,1.4,3.75E+00,1.48E+00,6700,0.46,3.4,-0.08,3.32,0.945098039,0.937254902,1
F5VI,1.1,1.03E+00,7.77E-01,6700,0.46,4.8,-0.08,4.72,0.97254902,0.968627451,1
F6Ia0,10,3.74E+05,4.60E+02,6760,0.44,-9.1,-0.08,-9.18,0.97254902,0.968627451,1
F6Ia,8.6,1.49E+05,2.90E+02,6760,0.44,-8.1,-0.08,-8.18,1,0.917647059,0.988235294
F6Ib,7.1,7.82E+03,6.64E+01,6760,0.44,-4.9,-0.08,-4.98,1,0.917647059,0.988235294
F6II,5.7,7.86E+02,2.24E+01,6560,0.49,-2.4,-0.09,-2.49,1,0.917647059,0.988235294
F6III,4.2,2.37E+01,3.89E+00,6560,0.49,1.4,-0.09,1.31,0.992156863,0.976470588,1
F6IV,2.8,1.64E+01,3.23E+00,6560,0.49,1.8,-0.09,1.71,0.945098039,0.941176471,1
F6V,1.3,3.13E+00,1.41E+00,6560,0.49,3.6,-0.09,3.51,0.945098039,0.937254902,1
F6VI,1,8.62E-01,7.41E-01,6560,0.49,5,-0.09,4.91,0.956862745,0.945098039,1
F7Ia0,10,4.13E+05,5.19E+02,6520,0.5,-9.2,-0.09,-9.29,0.956862745,0.945098039,1
F7Ia,8.5,1.37E+05,2.99E+02,6520,0.5,-8,-0.09,-8.09,1,0.952941176,0.980392157
F7Ib,7.1,7.18E+03,6.84E+01,6520,0.5,-4.8,-0.09,-4.89,1,0.952941176,0.980392157
F7II,5.6,7.91E+02,2.34E+01,6420,0.52,-2.4,-0.1,-2.5,1,0.952941176,0.980392157
F7III,4.2,2.62E+01,4.26E+00,6420,0.52,1.3,-0.1,1.2,1,0.980392157,0.984313725
F7IV,2.7,1.25E+01,2.95E+00,6420,0.52,2.1,-0.1,2,0.945098039,0.941176471,1
F7V,1.3,2.62E+00,1.35E+00,6420,0.52,3.8,-0.1,3.7,0.941176471,0.937254902,1
F7VI,1,7.91E-01,7.41E-01,6420,0.52,5.1,-0.1,5,0.964705882,0.952941176,1
F8Ia0,10,4.19E+05,5.64E+02,6280,0.56,-9.2,-0.11,-9.31,0.964705882,0.952941176,1
F8Ia,8.5,1.27E+05,3.10E+02,6280,0.56,-7.9,-0.11,-8.01,1,0.988235294,0.968627451
F8Ib,7.1,7.29E+03,7.43E+01,6280,0.56,-4.8,-0.11,-4.91,1,0.988235294,0.968627451
F8II,5.6,7.29E+02,2.35E+01,6280,0.56,-2.3,-0.11,-2.41,1,0.988235294,0.968627451
F8III,4.1,2.90E+01,4.69E+00,6280,0.56,1.2,-0.11,1.09,1,0.97254902,0.960784314
F8IV,2.7,1.05E+01,2.83E+00,6280,0.56,2.3,-0.11,2.19,0.988235294,0.97254902,1
F8V,1.2,2.41E+00,1.35E+00,6280,0.56,3.9,-0.11,3.79,1,0.988235294,0.992156863
F8VI,1,6.65E-01,7.10E-01,6280,0.56,5.3,-0.11,5.19,1,0.968627451,0.988235294
F9Ia0,10,4.73E+05,6.54E+02,6011,0.63,-9.3,-0.14,-9.44,1,0.968627451,0.988235294
F9Ia,8.5,1.30E+05,3.43E+02,6011,0.63,-7.9,-0.14,-8.04,1,0.964705882,0.91372549
F9Ib,7,6.84E+03,7.86E+01,6011,0.63,-4.7,-0.14,-4.84,1,0.964705882,0.91372549
F9II,5.6,7.39E+02,2.48E+01,6140,0.6,-2.3,-0.12,-2.42,1,0.964705882,0.91372549
F9III,4.1,3.22E+01,5.17E+00,6140,0.6,1.1,-0.12,0.98,1,0.964705882,0.937254902
F9IV,2.6,8.10E+00,2.59E+00,6140,0.6,2.6,-0.12,2.48,1,0.964705882,0.960784314
F9V,1.1,2.03E+00,1.30E+00,6140,0.6,4.1,-0.12,3.98,1,0.980392157,0.976470588
F9VI,0.9,6.14E-01,7.14E-01,6140,0.6,5.4,-0.12,5.28,1,0.968627451,0.988235294
G0Ia0,10,4.95E+05,7.32E+02,5743,0.7,-9.3,-0.19,-9.49,1,0.968627451,0.988235294
G0Ia,6.3,1.24E+05,3.67E+02,5743,0.7,-7.8,-0.19,-7.99,1,0.937254902,0.858823529
G0Ib,2.5,7.15E+03,8.81E+01,5743,0.7,-4.7,-0.19,-4.89,1,0.937254902,0.858823529
G0II,2.1,7.84E+02,2.92E+01,5743,0.7,-2.3,-0.19,-2.49,1,0.937254902,0.858823529
G0III,1.8,3.75E+01,6.38E+00,5743,0.7,1,-0.19,0.81,1,0.956862745,0.91372549
G0IV,1.4,6.25E+00,2.38E+00,6000,0.63,2.9,-0.14,2.76,1,0.949019608,0.91372549
G0V,1.1,1.72E+00,1.25E+00,6000,0.63,4.3,-0.14,4.16,1,0.97254902,0.960784314
G0VI,0.9,5.20E-01,6.88E-01,6000,0.63,5.6,-0.14,5.46,1,0.97254902,0.988235294
G1Ia0,10.5,5.27E+05,8.32E+02,5474,0.78,-9.3,-0.25,-9.55,1,0.97254902,0.988235294
G1Ia,6.6,1.32E+05,4.17E+02,5474,0.78,-7.8,-0.25,-8.05,1,0.933333333,0.831372549
G1Ib,2.6,7.62E+03,1.00E+02,5474,0.78,-4.7,-0.25,-4.95,1,0.933333333,0.831372549
G1II,2.2,8.35E+02,3.31E+01,5474,0.78,-2.3,-0.25,-2.55,1,0.933333333,0.831372549
G1III,1.8,4.38E+01,7.59E+00,5474,0.78,0.9,-0.25,0.65,1,0.952941176,0.890196078
G1IV,1.4,6.35E+00,2.50E+00,5890,0.66,2.9,-0.16,2.74,1,0.952941176,0.91372549
G1V,1,1.46E+00,1.19E+00,5890,0.66,4.5,-0.16,4.34,1,0.964705882,0.956862745
G1VI,0.9,4.40E-01,6.56E-01,5890,0.66,5.8,-0.16,5.64,1,0.968627451,0.97254902
G2Ia0,11,5.73E+05,9.59E+02,5206,0.86,-9.3,-0.35,-9.65,1,0.968627451,0.97254902
G2Ia,6.9,1.31E+05,4.59E+02,5206,0.86,-7.7,-0.35,-8.05,1,0.925490196,0.803921569
G2Ib,2.8,8.29E+03,1.15E+02,5206,0.86,-4.7,-0.35,-5.05,1,0.925490196,0.803921569
G2II,2.3,9.09E+02,3.82E+01,5206,0.86,-2.3,-0.35,-2.65,1,0.925490196,0.803921569
G2III,1.9,5.23E+01,9.16E+00,5206,0.86,0.8,-0.35,0.45,1,0.945098039,0.866666667
G2IV,1.4,6.48E+00,2.62E+00,5780,0.69,2.9,-0.18,2.72,1,0.952941176,0.91372549
G2V,1,1.23E+00,1.14E+00,5780,0.69,4.7,-0.18,4.52,1,0.956862745,0.949019608
G2VI,0.9,3.73E-01,6.28E-01,5780,0.69,6,-0.18,5.82,1,0.960784314,0.949019608
G3Ia0,11.5,7.03E+05,1.18E+03,4937,0.94,-9.4,-0.47,-9.87,1,0.960784314,0.949019608
G3Ia,7.2,1.47E+05,5.40E+02,4937,0.94,-7.7,-0.47,-8.17,1,0.905882353,0.796078431
G3Ib,2.9,8.46E+03,1.30E+02,4937,0.94,-4.6,-0.47,-5.07,1,0.905882353,0.796078431
G3II,2.4,1.11E+03,4.70E+01,4937,0.94,-2.4,-0.47,-2.87,1,0.905882353,0.796078431
G3III,1.9,7.03E+01,1.18E+01,4937,0.94,0.6,-0.47,0.13,1,0.937254902,0.843137255
G3IV,1.5,6.04E+00,2.63E+00,5670,0.72,3,-0.2,2.8,1,0.952941176,0.91372549
G3V,1,1.15E+00,1.15E+00,5670,0.72,4.8,-0.2,4.6,1,0.933333333,0.88627451
G3VI,0.8,3.48E-01,6.30E-01,5670,0.72,6.1,-0.2,5.9,1,0.952941176,0.925490196
G4Ia0,12,8.13E+05,1.42E+03,4669,1.03,-9.4,-0.62,-10.02,1,0.952941176,0.925490196
G4Ia,7.5,1.70E+05,6.49E+02,4669,1.03,-7.7,-0.62,-8.32,1,0.905882353,0.756862745
G4Ib,3,9.77E+03,1.56E+02,4669,1.03,-4.6,-0.62,-5.22,1,0.905882353,0.756862745
G4II,2.5,1.29E+03,5.65E+01,4669,1.03,-2.4,-0.62,-3.02,1,0.905882353,0.756862745
G4III,2,8.91E+01,1.49E+01,4669,1.03,0.5,-0.62,-0.12,1,0.929411765,0.819607843
G4IV,1.5,6.20E+00,2.76E+00,5560,0.75,3,-0.23,2.77,1,0.952941176,0.91372549
G4V,0.9,9.82E-01,1.10E+00,5560,0.75,5,-0.23,4.77,1,0.960784314,0.933333333
G4VI,0.8,2.97E-01,6.05E-01,5560,0.75,6.3,-0.23,6.07,1,0.945098039,0.898039216
G5Ia0,12.5,1.07E+06,1.84E+03,4400,1.13,-9.5,-0.83,-10.33,1,0.945098039,0.898039216
G5Ia,7.8,1.86E+05,7.66E+02,4400,1.13,-7.6,-0.83,-8.43,1,0.901960784,0.717647059
G5Ib,3.2,1.18E+04,1.92E+02,4400,1.13,-4.6,-0.83,-5.43,1,0.901960784,0.717647059
G5II,2.6,1.55E+03,6.99E+01,4400,1.13,-2.4,-0.83,-3.23,1,0.901960784,0.717647059
G5III,2,1.18E+02,1.92E+01,4400,1.13,0.4,-0.83,-0.43,1,0.921568627,0.796078431
G5IV,1.5,6.38E+00,2.92E+00,5450,0.79,3,-0.26,2.74,1,0.925490196,0.82745098
G5V,0.9,8.41E-01,1.06E+00,5450,0.79,5.2,-0.26,4.94,1,0.921568627,0.835294118
G5VI,0.8,2.54E-01,5.83E-01,5450,0.79,6.5,-0.26,6.24,1,0.956862745,0.917647059
G6Ia0,12.5,1.12E+06,1.93E+03,4343,1.15,-9.5,-0.88,-10.38,1,0.956862745,0.917647059
G6Ia,7.9,1.95E+05,8.04E+02,4343,1.15,-7.6,-0.88,-8.48,1,0.890196078,0.698039216
G6Ib,3.3,1.23E+04,2.02E+02,4343,1.15,-4.6,-0.88,-5.48,1,0.890196078,0.698039216
G6II,2.7,1.62E+03,7.33E+01,4343,1.15,-2.4,-0.88,-3.28,1,0.890196078,0.698039216
G6III,2.1,1.23E+02,2.02E+01,4343,1.15,0.4,-0.88,-0.48,1,0.91372549,0.776470588
G6IV,1.5,6.59E+00,3.09E+00,5340,0.82,3,-0.3,2.7,1,0.925490196,0.843137255
G6V,0.9,7.92E-01,1.07E+00,5340,0.82,5.3,-0.3,5,1,0.949019608,0.917647059
G6VI,0.8,2.18E-01,5.62E-01,5340,0.82,6.7,-0.3,6.4,1,0.956862745,0.921568627
G7Ia0,12.5,1.18E+06,2.03E+03,4286,1.17,-9.5,-0.93,-10.43,1,0.956862745,0.921568627
G7Ia,8,2.05E+05,8.46E+02,4286,1.17,-7.6,-0.93,-8.53,1,0.874509804,0.674509804
G7Ib,3.5,1.29E+04,2.12E+02,4286,1.17,-4.6,-0.93,-5.53,1,0.874509804,0.674509804
G7II,2.8,1.70E+03,7.71E+01,4286,1.17,-2.4,-0.93,-3.33,1,0.874509804,0.674509804
G7III,2.2,1.29E+02,2.12E+01,4286,1.17,0.4,-0.93,-0.53,1,0.905882353,0.760784314
G7IV,1.5,6.84E+00,3.28E+00,5230,0.85,3,-0.34,2.66,1,0.917647059,0.811764706
G7V,0.9,6.84E-01,1.04E+00,5230,0.85,5.5,-0.34,5.16,1,0.905882353,0.803921569
G7VI,0.7,2.06E-01,5.70E-01,5230,0.85,6.8,-0.34,6.46,1,0.956862745,0.921568627
G8Ia0,12.5,1.13E+06,2.04E+03,4229,1.19,-9.4,-0.98,-10.38,1,0.956862745,0.921568627
G8Ia,8.1,1.96E+05,8.51E+02,4229,1.19,-7.5,-0.98,-8.48,1,0.862745098,0.654901961
G8Ib,3.6,1.49E+04,2.34E+02,4229,1.19,-4.7,-0.98,-5.68,1,0.862745098,0.654901961
G8II,2.9,1.96E+03,8.51E+01,4229,1.19,-2.5,-0.98,-3.48,1,0.862745098,0.654901961
G8III,2.2,1.24E+02,2.14E+01,4229,1.19,0.5,-0.98,-0.48,1,0.898039216,0.741176471
G8IV,1.5,6.50E+00,3.34E+00,5120,0.89,3.1,-0.38,2.72,1,0.905882353,0.780392157
G8V,0.8,6.50E-01,1.06E+00,5120,0.89,5.6,-0.38,5.22,1,0.91372549,0.82745098
G8VI,0.7,1.79E-01,5.54E-01,5120,0.89,7,-0.38,6.62,1,0.929411765,0.870588235
G9Ia0,12.5,1.19E+06,2.16E+03,4171,1.21,-9.4,-1.04,-10.44,1,0.929411765,0.870588235
G9Ia,8.1,2.07E+05,8.98E+02,4171,1.21,-7.5,-1.04,-8.54,1,0.866666667,0.682352941
G9Ib,3.8,1.57E+04,2.47E+02,4171,1.21,-4.7,-1.04,-5.74,1,0.866666667,0.682352941
G9II,3,2.07E+03,8.98E+01,4171,1.21,-2.5,-1.04,-3.54,1,0.866666667,0.682352941
G9III,2.3,1.31E+02,2.26E+01,4171,1.21,0.5,-1.04,-0.54,1,0.890196078,0.721568627
G9IV,1.6,6.80E+00,3.57E+00,5010,0.92,3.1,-0.43,2.67,1,0.905882353,0.768627451
G9V,0.8,5.66E-01,1.03E+00,5010,0.92,5.8,-0.43,5.37,1,0.898039216,0.784313725
G9VI,0.7,1.71E-01,5.66E-01,5010,0.92,7.1,-0.43,6.67,1,0.937254902,0.866666667
K0Ia0,12.5,1.26E+06,2.28E+03,4114,1.24,-9.4,-1.1,-10.5,1,0.937254902,0.866666667
K0Ia,8.2,2.19E+05,9.50E+02,4114,1.24,-7.5,-1.1,-8.6,1,0.866666667,0.709803922
K0Ib,3.9,1.66E+04,2.62E+02,4114,1.24,-4.7,-1.1,-5.8,1,0.866666667,0.709803922
K0II,3.1,2.19E+03,9.50E+01,4114,1.24,-2.5,-1.1,-3.6,1,0.866666667,0.709803922
K0III,2.3,1.38E+02,2.39E+01,4114,1.24,0.5,-1.1,-0.6,1,0.88627451,0.705882353
K0IV,1.6,7.16E+00,3.83E+00,4900,0.96,3.1,-0.49,2.61,1,0.890196078,0.745098039
K0V,0.8,5.43E-01,1.05E+00,4900,0.96,5.9,-0.49,5.41,1,0.882352941,0.741176471
K0VI,0.7,1.50E-01,5.53E-01,4900,0.96,7.3,-0.49,6.81,1,0.933333333,0.866666667
K1Ia0,12.5,1.22E+06,2.30E+03,4057,1.26,-9.3,-1.17,-10.47,1,0.933333333,0.866666667
K1Ia,8.3,2.12E+05,9.60E+02,4057,1.26,-7.4,-1.17,-8.57,1,0.862745098,0.694117647
K1Ib,4.1,1.76E+04,2.77E+02,4057,1.26,-4.7,-1.17,-5.87,1,0.862745098,0.694117647
K1II,3.3,2.32E+03,1.01E+02,4057,1.26,-2.5,-1.17,-3.67,1,0.862745098,0.694117647
K1III,2.4,1.61E+02,2.64E+01,4057,1.26,0.4,-1.17,-0.77,1,0.878431373,0.68627451
K1IV,1.6,7.71E+00,4.21E+00,4760,1,3.1,-0.57,2.53,1,0.874509804,0.709803922
K1V,0.8,4.43E-01,1.01E+00,4760,1,6.2,-0.57,5.63,1,0.847058824,0.670588235
K1VI,0.6,1.34E-01,5.55E-01,4760,1,7.5,-0.57,6.93,1,0.878431373,0.737254902
K2Ia0,13.3,1.30E+06,2.44E+03,4000,1.28,-9.3,-1.23,-10.53,1,0.878431373,0.737254902
K2Ia,8.8,2.25E+05,1.02E+03,4000,1.28,-7.4,-1.23,-8.63,1,0.82745098,0.529411765
K2Ib,4.3,2.06E+04,3.08E+02,4000,1.28,-4.8,-1.23,-6.03,1,0.82745098,0.529411765
K2II,3.4,2.47E+03,1.07E+02,4000,1.28,-2.5,-1.23,-3.73,1,0.82745098,0.529411765
K2III,2.5,2.06E+02,3.08E+01,4000,1.28,0.2,-1.23,-1.03,1,0.870588235,0.666666667
K2IV,1.6,8.38E+00,4.66E+00,4620,1.05,3.1,-0.66,2.44,1,0.866666667,0.68627451
K2V,0.7,4.01E-01,1.02E+00,4620,1.05,6.4,-0.66,5.74,1,0.898039216,0.792156863
K2VI,0.6,1.21E-01,5.60E-01,4620,1.05,7.7,-0.66,7.04,1,0.890196078,0.768627451
K3Ia0,14.2,1.46E+06,2.72E+03,3900,1.32,-9.3,-1.36,-10.66,1,0.890196078,0.768627451
K3Ia,9.4,2.53E+05,1.14E+03,3900,1.32,-7.4,-1.36,-8.76,1,0.8,0.501960784
K3Ib,4.6,2.53E+04,3.59E+02,3900,1.32,-4.9,-1.36,-6.26,1,0.8,0.501960784
K3II,3.6,2.77E+03,1.19E+02,3900,1.32,-2.5,-1.36,-3.86,1,0.8,0.501960784
K3III,2.6,2.53E+02,3.59E+01,3900,1.32,0.1,-1.36,-1.26,1,0.862745098,0.650980392
K3IV,1.7,9.22E+00,5.19E+00,4480,1.1,3.1,-0.76,2.34,1,0.847058824,0.654901961
K3V,0.7,3.35E-01,9.90E-01,4480,1.1,6.7,-0.76,5.94,1,0.858823529,0.654901961
K3VI,0.6,1.01E-01,5.44E-01,4480,1.1,8,-0.76,7.24,1,0.870588235,0.764705882
K4Ia0,15,1.65E+06,3.06E+03,3800,1.36,-9.3,-1.5,-10.8,1,0.870588235,0.764705882
K4Ia,9.9,2.62E+05,1.22E+03,3800,1.36,-7.3,-1.5,-8.8,1,0.788235294,0.462745098
K4Ib,4.8,3.15E+04,4.22E+02,3800,1.36,-5,-1.5,-6.5,1,0.788235294,0.462745098
K4II,3.8,3.15E+03,1.33E+02,3800,1.36,-2.5,-1.5,-4,1,0.788235294,0.462745098
K4III,2.7,3.45E+02,4.42E+01,3800,1.36,-0.1,-1.5,-1.6,1,0.854901961,0.631372549
K4IV,1.7,1.03E+01,5.84E+00,4340,1.15,3.1,-0.88,2.22,1,0.82745098,0.57254902
K4V,0.7,3.10E-01,1.02E+00,4340,1.15,6.9,-0.88,6.02,1,0.854901961,0.650980392
K4VI,0.5,9.36E-02,5.58E-01,4340,1.15,8.2,-0.88,7.32,1,0.847058824,0.709803922
K5Ia0,15.8,1.90E+06,3.46E+03,3700,1.41,-9.3,-1.65,-10.95,1,0.847058824,0.709803922
K5Ia,10.4,3.01E+05,1.38E+03,3700,1.41,-7.3,-1.65,-8.95,1,0.819607843,0.603921569
K5Ib,5,3.96E+04,4.99E+02,3700,1.41,-5.1,-1.65,-6.75,1,0.819607843,0.603921569
K5II,3.9,3.62E+03,1.51E+02,3700,1.41,-2.5,-1.65,-4.15,1,0.819607843,0.603921569
K5III,2.8,4.35E+02,5.23E+01,3700,1.41,-0.2,-1.65,-1.85,1,0.847058824,0.611764706
K5IV,1.8,1.06E+01,6.33E+00,4200,1.2,3.2,-1.01,2.19,1,0.8,0.541176471
K5V,0.7,2.66E-01,1.00E+00,4200,1.2,7.2,-1.01,6.19,1,0.850980392,0.647058824
K5VI,0.5,8.80E-02,5.78E-01,4200,1.2,8.4,-1.01,7.39,1,0.823529412,0.631372549
K6Ia0,15.8,1.85E+06,3.38E+03,3717,1.4,-9.3,-1.62,-10.92,1,0.823529412,0.631372549
K6Ia,10.6,2.94E+05,1.35E+03,3717,1.4,-7.3,-1.62,-8.92,1,0.815686275,0.596078431
K6Ib,5.3,4.24E+04,5.12E+02,3717,1.4,-5.2,-1.62,-6.82,1,0.815686275,0.596078431
K6II,4.2,3.53E+03,1.48E+02,3717,1.4,-2.5,-1.62,-4.12,1,0.815686275,0.596078431
K6III,3,4.65E+02,5.36E+01,3717,1.4,-0.3,-1.62,-1.92,1,0.839215686,0.596078431
K6IV,1.8,1.22E+01,7.26E+00,4060,1.26,3.2,-1.16,2.04,1,0.807843137,0.549019608
K6V,0.6,2.11E-01,9.57E-01,4060,1.26,7.6,-1.16,6.44,1,0.847058824,0.643137255
K6VI,0.5,7.67E-02,5.77E-01,4060,1.26,8.7,-1.16,7.54,1,0.803921569,0.596078431
K7Ia0,15.8,1.81E+06,3.32E+03,3733,1.39,-9.3,-1.59,-10.89,1,0.803921569,0.596078431
K7Ia,10.7,2.62E+05,1.26E+03,3733,1.39,-7.2,-1.59,-8.79,1,0.811764706,0.588235294
K7Ib,5.7,4.55E+04,5.26E+02,3733,1.39,-5.3,-1.59,-6.89,1,0.811764706,0.588235294
K7II,4.4,3.45E+03,1.45E+02,3733,1.39,-2.5,-1.59,-4.09,1,0.811764706,0.588235294
K7III,3.1,4.99E+02,5.50E+01,3733,1.39,-0.4,-1.59,-1.99,1,0.831372549,0.576470588
K7IV,1.9,1.42E+01,8.43E+00,3920,1.31,3.2,-1.33,1.87,1,0.815686275,0.556862745
K7V,0.6,1.87E-01,9.67E-01,3920,1.31,7.9,-1.33,6.57,1,0.847058824,0.639215686
K7VI,0.4,6.80E-02,5.83E-01,3920,1.31,9,-1.33,7.67,1,0.780392157,0.556862745
K8Ia0,15.8,1.77E+06,3.25E+03,3750,1.38,-9.3,-1.57,-10.87,1,0.780392157,0.556862745
K8Ia,10.9,2.56E+05,1.23E+03,3750,1.38,-7.2,-1.57,-8.77,1,0.807843137,0.576470588
K8Ib,6,4.44E+04,5.15E+02,3750,1.38,-5.3,-1.57,-6.87,1,0.807843137,0.576470588
K8II,4.6,3.69E+03,1.48E+02,3750,1.38,-2.6,-1.57,-4.17,1,0.807843137,0.576470588
K8III,3.3,5.34E+02,5.64E+01,3750,1.38,-0.5,-1.57,-2.07,1,0.823529412,0.556862745
K8IV,1.9,1.70E+01,9.90E+00,3780,1.37,3.2,-1.52,1.68,1,0.807843137,0.545098039
K8V,0.6,1.55E-01,9.46E-01,3780,1.37,8.3,-1.52,6.78,1,0.843137255,0.635294118
K8VI,0.3,5.62E-02,5.70E-01,3780,1.37,9.4,-1.52,7.88,1,0.819607843,0.682352941
K9Ia0,15.8,1.83E+06,3.35E+03,3725,1.39,-9.3,-1.61,-10.91,1,0.819607843,0.682352941
K9Ia,11.1,2.65E+05,1.27E+03,3725,1.39,-7.2,-1.61,-8.81,1,0.803921569,0.568627451
K9Ib,6.3,5.04E+04,5.56E+02,3725,1.39,-5.4,-1.61,-7.01,1,0.803921569,0.568627451
K9II,4.9,3.83E+03,1.53E+02,3725,1.39,-2.6,-1.61,-4.21,1,0.803921569,0.568627451
K9III,3.4,6.06E+02,6.09E+01,3725,1.39,-0.6,-1.61,-2.21,1,0.819607843,0.541176471
K9IV,2,2.07E+01,1.18E+01,3640,1.43,3.2,-1.74,1.46,1,0.803921569,0.529411765
K9V,0.5,1.44E-01,9.82E-01,3640,1.43,8.6,-1.74,6.86,1,0.839215686,0.631372549
K9VI,0.3,4.33E-02,5.40E-01,3640,1.43,9.9,-1.74,8.16,1,0.792156863,0.615686275
M0Ia0,15.8,1.90E+06,3.46E+03,3700,1.41,-9.3,-1.65,-10.95,1,0.792156863,0.615686275
M0Ia,13.3,2.74E+05,1.31E+03,3700,1.41,-7.2,-1.65,-8.85,1,0.8,0.560784314
M0Ib,10.7,5.73E+04,6.00E+02,3700,1.41,-5.5,-1.65,-7.15,1,0.8,0.560784314
M0II,8.2,3.96E+03,1.58E+02,3700,1.41,-2.6,-1.65,-4.25,1,0.8,0.560784314
M0III,5.6,6.89E+02,6.58E+01,3700,1.41,-0.7,-1.65,-2.35,1,0.811764706,0.521568627
M0IV,3.1,2.60E+01,1.43E+01,3500,1.49,3.2,-1.99,1.21,1,0.796078431,0.517647059
M0V,0.5,1.25E-01,9.90E-01,3500,1.49,9,-1.99,7.01,1,0.835294118,0.62745098
M0VI,0.2,3.76E-02,5.44E-01,3500,1.49,10.3,-1.99,8.31,1,0.764705882,0.545098039
M1Ia0,15.1,2.56E+06,4.46E+03,3510,1.49,-9.3,-1.97,-11.27,1,0.764705882,0.545098039
M1Ia,12.7,3.37E+05,1.62E+03,3510,1.49,-7.1,-1.97,-9.07,1,0.792156863,0.541176471
M1Ib,10.2,7.73E+04,7.75E+02,3510,1.49,-5.5,-1.97,-7.47,1,0.792156863,0.541176471
M1II,7.8,5.86E+03,2.13E+02,3510,1.49,-2.7,-1.97,-4.67,1,0.792156863,0.541176471
M1III,5.3,9.29E+02,8.50E+01,3510,1.49,-0.7,-1.97,-2.67,1,0.803921569,0.501960784
M1IV,2.9,3.55E+01,1.84E+01,3333,1.57,3.2,-2.33,0.87,1,0.784313725,0.474509804
M1V,0.5,6.18E-02,7.68E-01,3333,1.57,10.1,-2.33,7.77,1,0.831372549,0.623529412
M1VI,0.2,1.86E-02,4.22E-01,3333,1.57,11.4,-2.33,9.07,1,0.8,0.556862745
M2Ia0,14.5,3.65E+06,5.95E+03,3320,1.58,-9.3,-2.36,-11.66,1,0.8,0.556862745
M2Ia,12.1,4.81E+05,2.16E+03,3320,1.58,-7.1,-2.36,-9.46,1,0.756862745,0.407843137
M2Ib,9.8,1.10E+05,1.03E+03,3320,1.58,-5.5,-2.36,-7.86,1,0.756862745,0.407843137
M2II,7.4,8.36E+03,2.85E+02,3320,1.58,-2.7,-2.36,-5.06,1,0.756862745,0.407843137
M2III,5.1,1.21E+03,1.08E+02,3320,1.58,-0.6,-2.36,-2.96,1,0.796078431,0.48627451
M2IV,2.7,5.09E+01,2.44E+01,3167,1.65,3.2,-2.72,0.48,1,0.776470588,0.462745098
M2V,0.4,3.21E-02,6.14E-01,3167,1.65,11.2,-2.72,8.48,1,0.82745098,0.615686275
M2VI,0.2,8.85E-03,3.22E-01,3167,1.65,12.6,-2.72,9.88,1,0.768627451,0.51372549
M3Ia0,13.8,5.07E+06,7.89E+03,3130,1.67,-9.2,-2.81,-12.01,1,0.768627451,0.51372549
M3Ia,11.6,7.33E+05,3.00E+03,3130,1.67,-7.1,-2.81,-9.91,1,0.752941176,0.462745098
M3Ib,9.3,1.68E+05,1.44E+03,3130,1.67,-5.5,-2.81,-8.31,1,0.752941176,0.462745098
M3II,7.1,1.40E+04,4.14E+02,3130,1.67,-2.8,-2.81,-5.61,1,0.752941176,0.462745098
M3III,4.8,1.84E+03,1.50E+02,3130,1.67,-0.6,-2.81,-3.41,1,0.788235294,0.466666667
M3IV,2.6,7.76E+01,3.36E+01,3000,1.74,3.2,-3.18,0.02,1,0.784313725,0.466666667
M3V,0.3,1.78E-02,5.09E-01,3000,1.74,12.3,-3.18,9.12,1,0.823529412,0.611764706
M3VI,0.2,4.90E-03,2.67E-01,3000,1.74,13.7,-3.18,10.52,1,0.807843137,0.505882353
M4Ia0,13.2,8.38E+06,1.15E+04,2940,1.77,-9.2,-3.36,-12.56,1,0.807843137,0.505882353
M4Ia,11,1.10E+06,4.18E+03,2940,1.77,-7,-3.36,-10.36,1,0.725490196,0.407843137
M4Ib,8.9,2.77E+05,2.09E+03,2940,1.77,-5.5,-3.36,-8.86,1,0.725490196,0.407843137
M4II,6.7,2.31E+04,6.04E+02,2940,1.77,-2.8,-3.36,-6.16,1,0.725490196,0.407843137
M4III,4.6,2.77E+03,2.09E+02,2940,1.77,-0.5,-3.36,-3.86,1,0.780392157,0.447058824
M4IV,2.4,1.27E+02,4.83E+01,2833,1.83,3.2,-3.71,-0.51,1,0.807843137,0.498039216
M4V,0.3,1.06E-02,4.40E-01,2833,1.83,13.4,-3.71,9.69,1,0.819607843,0.607843137
M4VI,0.1,2.66E-03,2.21E-01,2833,1.83,14.9,-3.71,11.19,1,0.788235294,0.498039216
M5Ia0,12.5,1.53E+07,1.78E+04,2750,1.88,-9.2,-4.01,-13.21,1,0.788235294,0.498039216
M5Ia,10.5,2.02E+06,6.45E+03,2750,1.88,-7,-4.01,-11.01,1,0.698039216,0.305882353
M5Ib,8.4,5.07E+05,3.23E+03,2750,1.88,-5.5,-4.01,-9.51,1,0.698039216,0.305882353
M5II,6.4,4.62E+04,9.76E+02,2750,1.88,-2.9,-4.01,-6.91,1,0.698039216,0.305882353
M5III,4.3,5.07E+03,3.23E+02,2750,1.88,-0.5,-4.01,-4.51,1,0.77254902,0.431372549
M5IV,2.3,2.07E+02,6.94E+01,2667,1.93,3.3,-4.34,-1.04,1,0.77254902,0.48627451
M5V,0.2,6.24E-03,3.81E-01,2667,1.93,14.6,-4.34,10.26,1,0.819607843,0.603921569
M5VI,0.1,1.72E-03,2.00E-01,2667,1.93,16,-4.34,11.66,1,0.8,0.435294118
M6Ia0,12.4,2.88E+07,2.81E+04,2560,2,-9.1,-4.8,-13.9,1,0.8,0.435294118
M6Ia,10.3,4.17E+06,1.07E+04,2560,2,-7,-4.8,-11.8,1,0.670588235,0.203921569
M6Ib,8.3,9.55E+05,5.12E+03,2560,2,-5.4,-4.8,-10.2,1,0.670588235,0.203921569
M6II,6.3,9.55E+04,1.62E+03,2560,2,-2.9,-4.8,-7.7,1,0.670588235,0.203921569
M6III,4.2,9.55E+03,5.12E+02,2560,2,-0.4,-4.8,-5.2,1,0.764705882,0.411764706
M6IV,2.2,4.10E+02,1.11E+02,2500,2.03,3.3,-5.08,-1.78,1,0.698039216,0.474509804
M6V,0.2,4.50E-03,3.68E-01,2500,2.03,15.7,-5.08,10.62,1,0.815686275,0.6
M6VI,0.1,1.63E-03,2.22E-01,2500,2.03,16.8,-5.08,11.72,1,0.764705882,0.439215686
M7Ia0,12.3,6.96E+07,5.10E+04,2370,2.12,-9.1,-5.76,-14.86,1,0.764705882,0.439215686
M7Ia,10.2,9.18E+06,1.85E+04,2370,2.12,-6.9,-5.76,-12.66,1,0.643137255,0.101960784
M7Ib,8.2,2.10E+06,8.87E+03,2370,2.12,-5.3,-5.76,-11.06,1,0.643137255,0.101960784
M7II,6.2,2.53E+05,3.07E+03,2370,2.12,-3,-5.76,-8.76,1,0.643137255,0.101960784
M7III,4.2,2.10E+04,8.87E+02,2370,2.12,-0.3,-5.76,-6.06,1,0.756862745,0.392156863
M7IV,2.1,9.26E+02,1.92E+02,2333,2.14,3.3,-5.97,-2.67,1,0.647058824,0.380392157
M7V,0.1,3.69E-03,3.83E-01,2333,2.14,16.8,-5.97,10.83,1,0.811764706,0.596078431
M7VI,0.1,1.94E-03,2.78E-01,2333,2.14,17.5,-5.97,11.53,1,0.77254902,0.435294118
M8Ia0,12.1,2.05E+08,1.03E+05,2180,2.25,-9.1,-6.93,-16.03,1,0.77254902,0.435294118
M8Ia,10.1,2.70E+07,3.76E+04,2180,2.25,-6.9,-6.93,-13.83,1,0.615686275,0
M8Ib,8.1,5.15E+06,1.64E+04,2180,2.25,-5.1,-6.93,-12.03,1,0.615686275,0
M8II,6.1,7.44E+05,6.23E+03,2180,2.25,-3,-6.93,-9.93,1,0.615686275,0
M8III,4.1,5.15E+04,1.64E+03,2180,2.25,-0.1,-6.93,-7.03,1,0.752941176,0.376470588
M8IV,2.1,2.44E+03,3.61E+02,2167,2.26,3.3,-7.02,-3.72,1,0.654901961,0.380392157
M8V,0.1,3.53E-03,4.34E-01,2167,2.26,17.9,-7.02,10.88,1,0.807843137,0.592156863
M8VI,0.1,2.44E-03,3.61E-01,2167,2.26,18.3,-7.02,11.28,1,0.776470588,0.42745098
M9Ia0,12,7.11E+08,2.31E+05,1990,2.4,-9,-8.38,-17.38,1,0.776470588,0.42745098
M9Ia,10,1.03E+08,8.79E+04,1990,2.4,-6.9,-8.38,-15.28,1,0.615686275,0
M9Ib,8,1.79E+07,3.67E+04,1990,2.4,-5,-8.38,-13.38,1,0.615686275,0
M9II,6,2.83E+06,1.46E+04,1990,2.4,-3,-8.38,-11.38,1,0.615686275,0
M9III,4.1,1.79E+05,3.67E+03,1990,2.4,0,-8.38,-8.38,1,0.745098039,0.356862745
M9IV,2.1,7.91E+03,7.64E+02,2000,2.39,3.3,-8.3,-5,1,0.91372549,0.603921569
M9V,0.1,4.15E-03,5.53E-01,2000,2.39,19,-8.3,10.7,1,0.803921569,0.588235294
M9VI,0.1,4.15E-03,5.53E-01,2000,2.39,19,-8.3,10.7,1,0.776470588,0.423529412
N0Ia0,15.8,1.90E+06,3.46E+03,3700,1.41,-9.3,-1.65,-10.95,1,0.776470588,0.423529412
N0Ia,13.3,2.74E+05,1.31E+03,3700,1.41,-7.2,-1.65,-8.85,1,0.8,0.560784314
N0Ib,10.7,5.73E+04,6.00E+02,3700,1.41,-5.5,-1.65,-7.15,1,0.8,0.560784314
N0II,8.2,3.96E+03,1.58E+02,3700,1.41,-2.6,-1.65,-4.25,1,0.8,0.560784314
N0III,5.6,6.89E+02,6.58E+01,3700,1.41,-0.7,-1.65,-2.35,1,0.811764706,0.521568627
N0IV,3.1,2.60E+01,1.43E+01,3500,1.49,3.2,-1.99,1.21,1,0.796078431,0.517647059
N0V,0.5,1.25E-01,9.90E-01,3500,1.49,9,-1.99,7.01,1,0.835294118,0.62745098
N0VI,0.2,3.76E-02,5.44E-01,3500,1.49,10.3,-1.99,8.31,1,0.764705882,0.545098039
N1Ia0,15.1,2.56E+06,4.46E+03,3510,1.49,-9.3,-1.97,-11.27,1,0.764705882,0.545098039
N1Ia,12.7,3.37E+05,1.62E+03,3510,1.49,-7.1,-1.97,-9.07,1,0.792156863,0.541176471
N1Ib,10.2,7.73E+04,7.75E+02,3510,1.49,-5.5,-1.97,-7.47,1,0.792156863,0.541176471
N1II,7.8,5.86E+03,2.13E+02,3510,1.49,-2.7,-1.97,-4.67,1,0.792156863,0.541176471
N1III,5.3,9.29E+02,8.50E+01,3510,1.49,-0.7,-1.97,-2.67,1,0.803921569,0.501960784
N1IV,2.9,3.55E+01,1.84E+01,3333,1.57,3.2,-2.33,0.87,1,0.784313725,0.474509804
N1V,0.5,6.18E-02,7.68E-01,3333,1.57,10.1,-2.33,7.77,1,0.831372549,0.623529412
N1VI,0.2,1.86E-02,4.22E-01,3333,1.57,11.4,-2.33,9.07,1,0.8,0.556862745
N2Ia0,14.5,3.65E+06,5.95E+03,3320,1.58,-9.3,-2.36,-11.66,1,0.8,0.556862745
N2Ia,12.1,4.81E+05,2.16E+03,3320,1.58,-7.1,-2.36,-9.46,1,0.756862745,0.407843137
N2Ib,9.8,1.10E+05,1.03E+03,3320,1.58,-5.5,-2.36,-7.86,1,0.756862745,0.407843137
N2II,7.4,8.36E+03,2.85E+02,3320,1.58,-2.7,-2.36,-5.06,1,0.756862745,0.407843137
N2III,5.1,1.21E+03,1.08E+02,3320,1.58,-0.6,-2.36,-2.96,1,0.796078431,0.48627451
N2IV,2.7,5.09E+01,2.44E+01,3167,1.65,3.2,-2.72,0.48,1,0.776470588,0.462745098
N2V,0.4,3.21E-02,6.14E-01,3167,1.65,11.2,-2.72,8.48,1,0.82745098,0.615686275
N2VI,0.2,8.85E-03,3.22E-01,3167,1.65,12.6,-2.72,9.88,1,0.768627451,0.51372549
N3Ia0,13.8,5.07E+06,7.89E+03,3130,1.67,-9.2,-2.81,-12.01,1,0.768627451,0.51372549
N3Ia,11.6,7.33E+05,3.00E+03,3130,1.67,-7.1,-2.81,-9.91,1,0.752941176,0.462745098
N3Ib,9.3,1.68E+05,1.44E+03,3130,1.67,-5.5,-2.81,-8.31,1,0.752941176,0.462745098
N3II,7.1,1.40E+04,4.14E+02,3130,1.67,-2.8,-2.81,-5.61,1,0.752941176,0.462745098
N3III,4.8,1.84E+03,1.50E+02,3130,1.67,-0.6,-2.81,-3.41,1,0.788235294,0.466666667
N3IV,2.6,7.76E+01,3.36E+01,3000,1.74,3.2,-3.18,0.02,1,0.784313725,0.466666667
N3V,0.3,1.78E-02,5.09E-01,3000,1.74,12.3,-3.18,9.12,1,0.823529412,0.611764706
N3VI,0.2,4.90E-03,2.67E-01,3000,1.74,13.7,-3.18,10.52,1,0.807843137,0.505882353
N4Ia0,13.2,8.38E+06,1.15E+04,2940,1.77,-9.2,-3.36,-12.56,1,0.807843137,0.505882353
N4Ia,11,1.10E+06,4.18E+03,2940,1.77,-7,-3.36,-10.36,1,0.725490196,0.407843137
N4Ib,8.9,2.77E+05,2.09E+03,2940,1.77,-5.5,-3.36,-8.86,1,0.725490196,0.407843137
N4II,6.7,2.31E+04,6.04E+02,2940,1.77,-2.8,-3.36,-6.16,1,0.725490196,0.407843137
N4III,4.6,2.77E+03,2.09E+02,2940,1.77,-0.5,-3.36,-3.86,1,0.780392157,0.447058824
N4IV,2.4,1.27E+02,4.83E+01,2833,1.83,3.2,-3.71,-0.51,1,0.807843137,0.498039216
N4V,0.3,1.06E-02,4.40E-01,2833,1.83,13.4,-3.71,9.69,1,0.819607843,0.607843137
N4VI,0.1,2.66E-03,2.21E-01,2833,1.83,14.9,-3.71,11.19,1,0.788235294,0.498039216
N5Ia0,12.5,1.53E+07,1.78E+04,2750,1.88,-9.2,-4.01,-13.21,1,0.788235294,0.498039216
N5Ia,10.5,2.02E+06,6.45E+03,2750,1.88,-7,-4.01,-11.01,1,0.698039216,0.305882353
N5Ib,8.4,5.07E+05,3.23E+03,2750,1.88,-5.5,-4.01,-9.51,1,0.698039216,0.305882353
N5II,6.4,4.62E+04,9.76E+02,2750,1.88,-2.9,-4.01,-6.91,1,0.698039216,0.305882353
N5III,4.3,5.07E+03,3.23E+02,2750,1.88,-0.5,-4.01,-4.51,1,0.77254902,0.431372549
N5IV,2.3,2.07E+02,6.94E+01,2667,1.93,3.3,-4.34,-1.04,1,0.77254902,0.48627451
N5V,0.2,6.24E-03,3.81E-01,2667,1.93,14.6,-4.34,10.26,1,0.819607843,0.603921569
N5VI,0.1,1.72E-03,2.00E-01,2667,1.93,16,-4.34,11.66,1,0.8,0.435294118
N6Ia0,12.4,2.88E+07,2.81E+04,2560,2,-9.1,-4.8,-13.9,1,0.8,0.435294118
N6Ia,10.3,4.17E+06,1.07E+04,2560,2,-7,-4.8,-11.8,1,0.670588235,0.203921569
N6Ib,8.3,9.55E+05,5.12E+03,2560,2,-5.4,-4.8,-10.2,1,0.670588235,0.203921569
N6II,6.3,9.55E+04,1.62E+03,2560,2,-2.9,-4.8,-7.7,1,0.670588235,0.203921569
N6III,4.2,9.55E+03,5.12E+02,2560,2,-0.4,-4.8,-5.2,1,0.764705882,0.411764706
N6IV,2.2,4.10E+02,1.11E+02,2500,2.03,3.3,-5.08,-1.78,1,0.698039216,0.474509804
N6V,0.2,4.50E-03,3.68E-01,2500,2.03,15.7,-5.08,10.62,1,0.815686275,0.6
N6VI,0.1,1.63E-03,2.22E-01,2500,2.03,16.8,-5.08,11.72,1,0.764705882,0.439215686
N7Ia0,12.3,6.96E+07,5.10E+04,2370,2.12,-9.1,-5.76,-14.86,1,0.764705882,0.439215686
N7Ia,10.2,9.18E+06,1.85E+04,2370,2.12,-6.9,-5.76,-12.66,1,0.643137255,0.101960784
N7Ib,8.2,2.10E+06,8.87E+03,2370,2.12,-5.3,-5.76,-11.06,1,0.643137255,0.101960784
N7II,6.2,2.53E+05,3.07E+03,2370,2.12,-3,-5.76,-8.76,1,0.643137255,0.101960784
N7III,4.2,2.10E+04,8.87E+02,2370,2.12,-0.3,-5.76,-6.06,1,0.756862745,0.392156863
N7IV,2.1,9.26E+02,1.92E+02,2333,2.14,3.3,-5.97,-2.67,1,0.647058824,0.380392157
N7V,0.1,3.69E-03,3.83E-01,2333,2.14,16.8,-5.97,10.83,1,0.811764706,0.596078431
N7VI,0.1,1.94E-03,2.78E-01,2333,2.14,17.5,-5.97,11.53,1,0.77254902,0.435294118
N8Ia0,12.1,2.05E+08,1.03E+05,2180,2.25,-9.1,-6.93,-16.03,1,0.77254902,0.435294118
N8Ia,10.1,2.70E+07,3.76E+04,2180,2.25,-6.9,-6.93,-13.83,1,0.615686275,0
N8Ib,8.1,5.15E+06,1.64E+04,2180,2.25,-5.1,-6.93,-12.03,1,0.615686275,0
N8II,6.1,7.44E+05,6.23E+03,2180,2.25,-3,-6.93,-9.93,1,0.615686275,0
N8III,4.1,5.15E+04,1.64E+03,2180,2.25,-0.1,-6.93,-7.03,1,0.752941176,0.376470588
N8IV,2.1,2.44E+03,3.61E+02,2167,2.26,3.3,-7.02,-3.72,1,0.654901961,0.380392157
N8V,0.1,3.53E-03,4.34E-01,2167,2.26,17.9,-7.02,10.88,1,0.807843137,0.592156863
N8VI,0.1,2.44E-03,3.61E-01,2167,2.26,18.3,-7.02,11.28,1,0.776470588,0.42745098
N9Ia0,12,7.11E+08,2.31E+05,1990,2.4,-9,-8.38,-17.38,1,0.776470588,0.42745098
N9Ia,10,1.03E+08,8.79E+04,1990,2.4,-6.9,-8.38,-15.28,1,0.615686275,0
N9Ib,8,1.79E+07,3.67E+04,1990,2.4,-5,-8.38,-13.38,1,0.615686275,0
N9II,6,2.83E+06,1.46E+04,1990,2.4,-3,-8.38,-11.38,1,0.615686275,0
N9III,4.1,1.79E+05,3.67E+03,1990,2.4,0,-8.38,-8.38,1,0.745098039,0.356862745
N9IV,2.1,7.91E+03,7.64E+02,2000,2.39,3.3,-8.3,-5,1,0.91372549,0.603921569
N9V,0.1,4.15E-03,5.53E-01,2000,2.39,19,-8.3,10.7,1,0.803921569,0.588235294
N9VI,0.1,4.15E-03,5.53E-01,2000,2.39,19,-8.3,10.7,1,0.776470588,0.423529412
WC0Ia0,160,3.41E+07,8.02E+01,50000,-0.35,-9.5,-4.58,-14.08,1,0.776470588,0.423529412
WC0Ia,150,2.59E+06,2.21E+01,50000,-0.35,-6.7,-4.58,-11.28,0.564705882,0.650980392,1
WC0Ib,140,2.15E+06,2.02E+01,50000,-0.35,-6.5,-4.58,-11.08,0.564705882,0.650980392,1
WC0II,130,2.15E+06,2.02E+01,50000,-0.35,-6.5,-4.58,-11.08,0.564705882,0.650980392,1
WC0III,120,2.15E+06,2.02E+01,50000,-0.35,-6.5,-4.58,-11.08,0.564705882,0.650980392,1
WC0IV,110,1.36E+06,1.60E+01,50000,-0.35,-6,-4.58,-10.58,0.564705882,0.650980392,1
WC0V,100,1.24E+06,1.53E+01,50000,-0.35,-5.9,-4.58,-10.48,0.564705882,0.650980392,1
WC0VI,60,9.40E+05,1.33E+01,50000,-0.35,-5.6,-4.58,-10.18,0.564705882,0.650980392,1
WC1Ia0,159.7,2.71E+07,7.88E+01,47600,-0.35,-9.4,-4.43,-13.83,0.564705882,0.650980392,1
WC1Ia,149.3,2.25E+06,2.27E+01,47600,-0.35,-6.7,-4.43,-11.13,0.57254902,0.658823529,1
WC1Ib,139,1.87E+06,2.07E+01,47600,-0.35,-6.5,-4.43,-10.93,0.57254902,0.658823529,1
WC1II,128.6,1.73E+06,1.98E+01,47800,-0.35,-6.4,-4.44,-10.84,0.57254902,0.658823529,1
WC1III,118.2,1.58E+06,1.89E+01,47800,-0.35,-6.3,-4.44,-10.74,0.57254902,0.658823529,1
WC1IV,107.9,1.09E+06,1.57E+01,47800,-0.35,-5.9,-4.44,-10.34,0.57254902,0.658823529,1
WC1V,97.5,9.94E+05,1.50E+01,47800,-0.35,-5.8,-4.44,-10.24,0.568627451,0.654901961,1
WC1VI,37,7.54E+05,1.31E+01,47800,-0.35,-5.5,-4.44,-9.94,0.57254902,0.658823529,1
WC2Ia0,159.4,2.14E+07,7.77E+01,45200,-0.35,-9.3,-4.28,-13.58,0.57254902,0.658823529,1
WC2Ia,148.6,2.14E+06,2.46E+01,45200,-0.35,-6.8,-4.28,-11.08,0.580392157,0.666666667,1
WC2Ib,137.9,1.62E+06,2.14E+01,45200,-0.35,-6.5,-4.28,-10.78,0.580392157,0.666666667,1
WC2II,127.2,1.52E+06,2.03E+01,45600,-0.35,-6.4,-4.3,-10.7,0.580392157,0.666666667,1
WC2III,116.5,1.26E+06,1.85E+01,45600,-0.35,-6.2,-4.3,-10.5,0.580392157,0.666666667,1
WC2IV,105.7,8.72E+05,1.54E+01,45600,-0.35,-5.8,-4.3,-10.1,0.580392157,0.662745098,1
WC2V,95,7.95E+05,1.47E+01,45600,-0.35,-5.7,-4.3,-10,0.57254902,0.662745098,1
WC2VI,30,6.03E+05,1.28E+01,45600,-0.35,-5.4,-4.3,-9.7,0.580392157,0.666666667,1
WC3Ia0,159,1.68E+07,7.69E+01,42800,-0.34,-9.2,-4.12,-13.32,0.580392157,0.666666667,1
WC3Ia,148,1.85E+06,2.55E+01,42800,-0.34,-6.8,-4.12,-10.92,0.592156863,0.674509804,1
WC3Ib,136.9,1.40E+06,2.22E+01,42800,-0.34,-6.5,-4.12,-10.62,0.592156863,0.674509804,1
WC3II,125.8,1.21E+06,2.00E+01,43400,-0.34,-6.3,-4.16,-10.46,0.592156863,0.674509804,1
WC3III,114.7,9.17E+05,1.75E+01,43400,-0.34,-6,-4.16,-10.16,0.584313725,0.678431373,1
WC3IV,103.6,6.96E+05,1.52E+01,43400,-0.34,-5.7,-4.16,-9.86,0.588235294,0.670588235,1
WC3V,92.5,6.34E+05,1.45E+01,43400,-0.34,-5.6,-4.16,-9.76,0.580392157,0.666666667,1
WC3VI,23,4.81E+05,1.26E+01,43400,-0.34,-5.3,-4.16,-9.46,0.592156863,0.674509804,1
WC4Ia0,158.7,1.32E+07,7.64E+01,40400,-0.33,-9.1,-3.95,-13.05,0.592156863,0.674509804,1
WC4Ia,147.3,1.74E+06,2.77E+01,40400,-0.33,-6.9,-3.95,-10.85,0.6,0.682352941,1
WC4Ib,135.8,1.20E+06,2.31E+01,40400,-0.33,-6.5,-3.95,-10.45,0.6,0.682352941,1
WC4II,124.4,9.60E+05,1.98E+01,41200,-0.34,-6.2,-4.01,-10.21,0.6,0.682352941,1
WC4III,112.9,7.28E+05,1.73E+01,41200,-0.34,-5.9,-4.01,-9.91,0.592156863,0.68627451,1
WC4IV,101.5,5.52E+05,1.50E+01,41200,-0.34,-5.6,-4.01,-9.61,0.596078431,0.674509804,1
WC4V,90,5.04E+05,1.44E+01,41200,-0.34,-5.5,-4.01,-9.51,0.584313725,0.670588235,1
WC4VI,20,3.82E+05,1.25E+01,41200,-0.34,-5.2,-4.01,-9.21,0.6,0.682352941,1
WC5Ia0,158.4,1.03E+07,7.62E+01,38000,-0.33,-9,-3.78,-12.78,0.6,0.682352941,1
WC5Ia,142,1.48E+06,2.90E+01,38000,-0.33,-6.9,-3.78,-10.68,0.607843137,0.690196078,1
WC5Ib,125.6,1.03E+06,2.41E+01,38000,-0.33,-6.5,-3.78,-10.28,0.607843137,0.690196078,1
WC5II,109.2,7.59E+05,1.97E+01,39000,-0.33,-6.1,-3.85,-9.95,0.607843137,0.690196078,1
WC5III,92.8,5.25E+05,1.64E+01,39000,-0.33,-5.7,-3.85,-9.55,0.6,0.694117647,1
WC5IV,76.4,4.37E+05,1.49E+01,39000,-0.33,-5.5,-3.85,-9.35,0.603921569,0.682352941,1
WC5V,60,3.98E+05,1.42E+01,39000,-0.33,-5.4,-3.85,-9.25,0.588235294,0.674509804,1
WC5VI,17.5,3.02E+05,1.24E+01,39000,-0.33,-5.1,-3.85,-8.95,0.607843137,0.690196078,1
WC6Ia0,136.7,7.81E+06,7.66E+01,35400,-0.32,-8.9,-3.58,-12.48,0.607843137,0.690196078,1
WC6Ia,120.1,1.36E+06,3.19E+01,35400,-0.32,-7,-3.58,-10.58,0.615686275,0.698039216,1
WC6Ib,103.5,7.81E+05,2.42E+01,35400,-0.32,-6.4,-3.58,-9.98,0.615686275,0.698039216,1
WC6II,86.9,6.54E+05,2.05E+01,36800,-0.32,-6.1,-3.69,-9.79,0.615686275,0.698039216,1
WC6III,70.2,3.76E+05,1.56E+01,36800,-0.32,-5.5,-3.69,-9.19,0.607843137,0.701960784,1
WC6IV,53.6,3.13E+05,1.42E+01,36800,-0.32,-5.3,-3.69,-8.99,0.611764706,0.68627451,1
WC6V,37,2.60E+05,1.29E+01,36800,-0.32,-5.1,-3.69,-8.79,0.592156863,0.682352941,1
WC6VI,14.2,1.80E+05,1.08E+01,36800,-0.32,-4.7,-3.69,-8.39,0.635294118,0.721568627,1
WC7Ia0,115.1,5.88E+06,7.74E+01,32800,-0.31,-8.8,-3.37,-12.17,0.635294118,0.721568627,1
WC7Ia,100.9,1.12E+06,3.38E+01,32800,-0.31,-7,-3.37,-10.37,0.62745098,0.709803922,1
WC7Ib,86.7,5.88E+05,2.45E+01,32800,-0.31,-6.3,-3.37,-9.67,0.62745098,0.709803922,1
WC7II,72.5,5.10E+05,2.05E+01,34600,-0.32,-6,-3.52,-9.52,0.62745098,0.709803922,1
WC7III,58.4,2.94E+05,1.55E+01,34600,-0.32,-5.4,-3.52,-8.92,0.611764706,0.709803922,1
WC7IV,44.2,2.23E+05,1.35E+01,34600,-0.32,-5.1,-3.52,-8.62,0.619607843,0.694117647,1
WC7V,30,1.54E+05,1.13E+01,34600,-0.32,-4.7,-3.52,-8.22,0.596078431,0.68627451,1
WC7VI,10.9,1.07E+05,9.36E+00,34600,-0.32,-4.3,-3.52,-7.82,0.615686275,0.694117647,1
WC8Ia0,93.4,4.37E+06,7.87E+01,30200,-0.3,-8.7,-3.15,-11.85,0.615686275,0.694117647,1
WC8Ia,81.7,9.13E+05,3.60E+01,30200,-0.3,-7,-3.15,-10.15,0.635294118,0.717647059,1
WC8Ib,69.9,4.37E+05,2.49E+01,30200,-0.3,-6.2,-3.15,-9.35,0.635294118,0.717647059,1
WC8II,58.2,3.60E+05,1.96E+01,32400,-0.31,-5.8,-3.34,-9.14,0.635294118,0.717647059,1
WC8III,46.5,2.07E+05,1.49E+01,32400,-0.31,-5.2,-3.34,-8.54,0.619607843,0.717647059,1
WC8IV,34.7,1.57E+05,1.30E+01,32400,-0.31,-4.9,-3.34,-8.24,0.615686275,0.698039216,1
WC8V,23,9.91E+04,1.03E+01,32400,-0.31,-4.4,-3.34,-7.74,0.6,0.690196078,1
WC8VI,7.6,5.70E+04,7.81E+00,32400,-0.31,-3.8,-3.34,-7.14,0.615686275,0.694117647,1
WN0VI,60,9.40E+05,1.33E+01,50000,-0.35,-5.6,-4.58,-10.18,0.615686275,0.694117647,1
WC9Ia0,71.8,3.19E+06,8.05E+01,27600,-0.29,-8.6,-2.91,-11.51,0.643137255,0.725490196,1
WC9Ia,63.1,7.31E+05,3.85E+01,27600,-0.29,-7,-2.91,-9.91,0.643137255,0.725490196,1
WC9Ib,54.5,3.19E+05,2.55E+01,27600,-0.29,-6.1,-2.91,-9.01,0.643137255,0.725490196,1
WC9II,45.9,2.76E+05,1.98E+01,30200,-0.3,-5.7,-3.15,-8.85,0.62745098,0.729411765,1
WC9III,37.3,1.59E+05,1.50E+01,30200,-0.3,-5.1,-3.15,-8.25,0.619607843,0.694117647,1
WC9IV,28.6,1.10E+05,1.25E+01,30200,-0.3,-4.7,-3.15,-7.85,0.607843137,0.694117647,1
WC9V,20,5.76E+04,9.04E+00,30200,-0.3,-4,-3.15,-7.15,0.603921569,0.698039216,1
WC9VI,6.7,3.31E+04,6.85E+00,30200,-0.3,-3.4,-3.15,-6.55,0.603921569,0.698039216,1
WN0Ia0,160,3.41E+07,8.02E+01,50000,-0.35,-9.5,-4.58,-14.08,0.564705882,0.650980392,1
WN0Ia,150,2.59E+06,2.21E+01,50000,-0.35,-6.7,-4.58,-11.28,0.564705882,0.650980392,1
WN0Ib,140,2.15E+06,2.02E+01,50000,-0.35,-6.5,-4.58,-11.08,0.564705882,0.650980392,1
WN0II,130,2.15E+06,2.02E+01,50000,-0.35,-6.5,-4.58,-11.08,0.564705882,0.650980392,1
WN0III,120,2.15E+06,2.02E+01,50000,-0.35,-6.5,-4.58,-11.08,0.564705882,0.650980392,1
WN0IV,110,1.36E+06,1.60E+01,50000,-0.35,-6,-4.58,-10.58,0.564705882,0.650980392,1
WN0V,100,1.24E+06,1.53E+01,50000,-0.35,-5.9,-4.58,-10.48,0.564705882,0.650980392,1
WN1Ia0,159.7,2.71E+07,7.88E+01,47600,-0.35,-9.4,-4.43,-13.83,0.564705882,0.650980392,1
WN1Ia,149.3,2.25E+06,2.27E+01,47600,-0.35,-6.7,-4.43,-11.13,0.57254902,0.658823529,1
WN1Ib,139,1.87E+06,2.07E+01,47600,-0.35,-6.5,-4.43,-10.93,0.57254902,0.658823529,1
WN1II,128.6,1.73E+06,1.98E+01,47800,-0.35,-6.4,-4.44,-10.84,0.57254902,0.658823529,1
WN1III,118.2,1.58E+06,1.89E+01,47800,-0.35,-6.3,-4.44,-10.74,0.57254902,0.658823529,1
WN1IV,107.9,1.09E+06,1.57E+01,47800,-0.35,-5.9,-4.44,-10.34,0.57254902,0.658823529,1
WN1V,97.5,9.94E+05,1.50E+01,47800,-0.35,-5.8,-4.44,-10.24,0.568627451,0.654901961,1
WN1VI,37,7.54E+05,1.31E+01,47800,-0.35,-5.5,-4.44,-9.94,0.57254902,0.658823529,1
WN2Ia0,159.4,2.14E+07,7.77E+01,45200,-0.35,-9.3,-4.28,-13.58,0.57254902,0.658823529,1
WN2Ia,148.6,2.14E+06,2.46E+01,45200,-0.35,-6.8,-4.28,-11.08,0.580392157,0.666666667,1
WN2Ib,137.9,1.62E+06,2.14E+01,45200,-0.35,-6.5,-4.28,-10.78,0.580392157,0.666666667,1
WN2II,127.2,1.52E+06,2.03E+01,45600,-0.35,-6.4,-4.3,-10.7,0.580392157,0.666666667,1
WN2III,116.5,1.26E+06,1.85E+01,45600,-0.35,-6.2,-4.3,-10.5,0.580392157,0.666666667,1
WN2IV,105.7,8.72E+05,1.54E+01,45600,-0.35,-5.8,-4.3,-10.1,0.580392157,0.662745098,1
WN2V,95,7.95E+05,1.47E+01,45600,-0.35,-5.7,-4.3,-10,0.57254902,0.662745098,1
WN2VI,30,6.03E+05,1.28E+01,45600,-0.35,-5.4,-4.3,-9.7,0.580392157,0.666666667,1
WN3Ia0,159,1.68E+07,7.69E+01,42800,-0.34,-9.2,-4.12,-13.32,0.580392157,0.666666667,1
WN3Ia,148,1.85E+06,2.55E+01,42800,-0.34,-6.8,-4.12,-10.92,0.592156863,0.674509804,1
WN3Ib,136.9,1.40E+06,2.22E+01,42800,-0.34,-6.5,-4.12,-10.62,0.592156863,0.674509804,1
WN3II,125.8,1.21E+06,2.00E+01,43400,-0.34,-6.3,-4.16,-10.46,0.592156863,0.674509804,1
WN3III,114.7,9.17E+05,1.75E+01,43400,-0.34,-6,-4.16,-10.16,0.584313725,0.678431373,1
WN3IV,103.6,6.96E+05,1.52E+01,43400,-0.34,-5.7,-4.16,-9.86,0.588235294,0.670588235,1
WN3V,92.5,6.34E+05,1.45E+01,43400,-0.34,-5.6,-4.16,-9.76,0.580392157,0.666666667,1
WN3VI,23,4.81E+05,1.26E+01,43400,-0.34,-5.3,-4.16,-9.46,0.592156863,0.674509804,1
WN4Ia0,158.7,1.32E+07,7.64E+01,40400,-0.33,-9.1,-3.95,-13.05,0.592156863,0.674509804,1
WN4Ia,147.3,1.74E+06,2.77E+01,40400,-0.33,-6.9,-3.95,-10.85,0.6,0.682352941,1
WN4Ib,135.8,1.20E+06,2.31E+01,40400,-0.33,-6.5,-3.95,-10.45,0.6,0.682352941,1
WN4II,124.4,9.60E+05,1.98E+01,41200,-0.34,-6.2,-4.01,-10.21,0.6,0.682352941,1
WN4III,112.9,7.28E+05,1.73E+01,41200,-0.34,-5.9,-4.01,-9.91,0.592156863,0.68627451,1
WN4IV,101.5,5.52E+05,1.50E+01,41200,-0.34,-5.6,-4.01,-9.61,0.596078431,0.674509804,1
WN4V,90,5.04E+05,1.44E+01,41200,-0.34,-5.5,-4.01,-9.51,0.584313725,0.670588235,1
WN4VI,20,3.82E+05,1.25E+01,41200,-0.34,-5.2,-4.01,-9.21,0.6,0.682352941,1
WN5Ia0,158.4,1.03E+07,7.62E+01,38000,-0.33,-9,-3.78,-12.78,0.6,0.682352941,1
WN5Ia,142,1.48E+06,2.90E+01,38000,-0.33,-6.9,-3.78,-10.68,0.607843137,0.690196078,1
WN5Ib,125.6,1.03E+06,2.41E+01,38000,-0.33,-6.5,-3.78,-10.28,0.607843137,0.690196078,1
WN5II,109.2,7.59E+05,1.97E+01,39000,-0.33,-6.1,-3.85,-9.95,0.607843137,0.690196078,1
WN5III,92.8,5.25E+05,1.64E+01,39000,-0.33,-5.7,-3.85,-9.55,0.6,0.694117647,1
WN5IV,76.4,4.37E+05,1.49E+01,39000,-0.33,-5.5,-3.85,-9.35,0.603921569,0.682352941,1
WN5V,60,3.98E+05,1.42E+01,39000,-0.33,-5.4,-3.85,-9.25,0.588235294,0.674509804,1
WN5VI,17.5,3.02E+05,1.24E+01,39000,-0.33,-5.1,-3.85,-8.95,0.607843137,0.690196078,1
WN6Ia0,136.7,7.81E+06,7.66E+01,35400,-0.32,-8.9,-3.58,-12.48,0.607843137,0.690196078,1
WN6Ia,120.1,1.36E+06,3.19E+01,35400,-0.32,-7,-3.58,-10.58,0.615686275,0.698039216,1
WN6Ib,103.5,7.81E+05,2.42E+01,35400,-0.32,-6.4,-3.58,-9.98,0.615686275,0.698039216,1
WN6II,86.9,6.54E+05,2.05E+01,36800,-0.32,-6.1,-3.69,-9.79,0.615686275,0.698039216,1
WN6III,70.2,3.76E+05,1.56E+01,36800,-0.32,-5.5,-3.69,-9.19,0.607843137,0.701960784,1
WN6IV,53.6,3.13E+05,1.42E+01,36800,-0.32,-5.3,-3.69,-8.99,0.611764706,0.68627451,1
WN6V,37,2.60E+05,1.29E+01,36800,-0.32,-5.1,-3.69,-8.79,0.592156863,0.682352941,1
WN6VI,14.2,1.80E+05,1.08E+01,36800,-0.32,-4.7,-3.69,-8.39,0.635294118,0.721568627,1
WN7Ia0,115.1,5.88E+06,7.74E+01,32800,-0.31,-8.8,-3.37,-12.17,0.635294118,0.721568627,1
WN7Ia,100.9,1.12E+06,3.38E+01,32800,-0.31,-7,-3.37,-10.37,0.62745098,0.709803922,1
WN7Ib,86.7,5.88E+05,2.45E+01,32800,-0.31,-6.3,-3.37,-9.67,0.62745098,0.709803922,1
WN7II,72.5,5.10E+05,2.05E+01,34600,-0.32,-6,-3.52,-9.52,0.62745098,0.709803922,1
WN7III,58.4,2.94E+05,1.55E+01,34600,-0.32,-5.4,-3.52,-8.92,0.611764706,0.709803922,1
WN7IV,44.2,2.23E+05,1.35E+01,34600,-0.32,-5.1,-3.52,-8.62,0.619607843,0.694117647,1
WN7V,30,1.54E+05,1.13E+01,34600,-0.32,-4.7,-3.52,-8.22,0.596078431,0.68627451,1
WN7VI,10.9,1.07E+05,9.36E+00,34600,-0.32,-4.3,-3.52,-7.82,0.615686275,0.694117647,1
WN8Ia0,93.4,4.37E+06,7.87E+01,30200,-0.3,-8.7,-3.15,-11.85,0.615686275,0.694117647,1
WN8Ia,81.7,9.13E+05,3.60E+01,30200,-0.3,-7,-3.15,-10.15,0.635294118,0.717647059,1
WN8Ib,69.9,4.37E+05,2.49E+01,30200,-0.3,-6.2,-3.15,-9.35,0.635294118,0.717647059,1
WN8II,58.2,3.60E+05,1.96E+01,32400,-0.31,-5.8,-3.34,-9.14,0.635294118,0.717647059,1
WN8III,46.5,2.07E+05,1.49E+01,32400,-0.31,-5.2,-3.34,-8.54,0.619607843,0.717647059,1
WN8IV,34.7,1.57E+05,1.30E+01,32400,-0.31,-4.9,-3.34,-8.24,0.615686275,0.698039216,1
WN8V,23,9.91E+04,1.03E+01,32400,-0.31,-4.4,-3.34,-7.74,0.6,0.690196078,1
WN8VI,7.6,5.70E+04,7.81E+00,32400,-0.31,-3.8,-3.34,-7.14,0.615686275,0.694117647,1
WN9Ia0,71.8,3.19E+06,8.05E+01,27600,-0.29,-8.6,-2.91,-11.51,0.615686275,0.694117647,1
WN9Ia,63.1,7.31E+05,3.85E+01,27600,-0.29,-7,-2.91,-9.91,0.643137255,0.725490196,1
WN9Ib,54.5,3.19E+05,2.55E+01,27600,-0.29,-6.1,-2.91,-9.01,0.643137255,0.725490196,1
WN9II,45.9,2.76E+05,1.98E+01,30200,-0.3,-5.7,-3.15,-8.85,0.643137255,0.725490196,1
WN9III,37.3,1.59E+05,1.50E+01,30200,-0.3,-5.1,-3.15,-8.25,0.62745098,0.729411765,1
WN9IV,28.6,1.10E+05,1.25E+01,30200,-0.3,-4.7,-3.15,-7.85,0.619607843,0.694117647,1
WN9V,20,5.76E+04,9.04E+00,30200,-0.3,-4,-3.15,-7.15,0.607843137,0.694117647,1
WN9VI,6.7,3.31E+04,6.85E+00,30200,-0.3,-3.4,-3.15,-6.55,0.603921569,0.698039216,1
R0Ia0,12,8.13E+05,1.42E+03,4669,1.03,-9.4,-0.62,-10.02,0.603921569,0.698039216,1
R0Ia,10.2,1.70E+05,6.49E+02,4669,1.03,-7.7,-0.62,-8.32,1,0.905882353,0.756862745
R0Ib,8.3,9.77E+03,1.56E+02,4669,1.03,-4.6,-0.62,-5.22,1,0.905882353,0.756862745
R0II,6.5,1.29E+03,5.65E+01,4669,1.03,-2.4,-0.62,-3.02,1,0.905882353,0.756862745
R0III,4.6,8.91E+01,1.49E+01,4669,1.03,0.5,-0.62,-0.12,1,0.929411765,0.819607843
R0IV,2.8,6.20E+00,2.76E+00,5560,0.75,3,-0.23,2.77,1,0.952941176,0.91372549
R0V,0.9,9.82E-01,1.10E+00,5560,0.75,5,-0.23,4.77,1,0.960784314,0.933333333
R0VI,0.8,2.97E-01,6.05E-01,5560,0.75,6.3,-0.23,6.07,1,0.945098039,0.898039216
R1Ia0,12.4,8.71E+05,1.54E+03,4561,1.07,-9.4,-0.7,-10.1,1,0.945098039,0.898039216
R1Ia,10.5,1.66E+05,6.72E+02,4561,1.07,-7.6,-0.7,-8.3,1,0.894117647,0.733333333
R1Ib,8.6,1.05E+04,1.69E+02,4561,1.07,-4.6,-0.7,-5.3,1,0.894117647,0.733333333
R1II,6.7,1.38E+03,6.13E+01,4561,1.07,-2.4,-0.7,-3.1,1,0.894117647,0.733333333
R1III,4.7,1.05E+02,1.69E+01,4561,1.07,0.4,-0.7,-0.3,1,0.917647059,0.788235294
R1IV,2.8,6.61E+00,3.11E+00,5331,0.82,3,-0.3,2.7,1,0.937254902,0.870588235
R1V,0.9,7.94E-01,1.08E+00,5331,0.82,5.3,-0.3,5,1,0.945098039,0.898039216
R1VI,0.7,2.19E-01,5.65E-01,5331,0.82,6.7,-0.3,6.4,1,0.933333333,0.870588235
R2Ia0,12.8,9.40E+05,1.68E+03,4453,1.11,-9.4,-0.78,-10.18,1,0.933333333,0.870588235
R2Ia,10.8,1.79E+05,7.33E+02,4453,1.11,-7.6,-0.78,-8.38,1,0.882352941,0.71372549
R2Ib,8.8,1.24E+04,1.93E+02,4453,1.11,-4.7,-0.78,-5.48,1,0.882352941,0.71372549
R2II,6.8,1.49E+03,6.68E+01,4453,1.11,-2.4,-0.78,-3.18,1,0.882352941,0.71372549
R2III,4.8,1.36E+02,2.02E+01,4453,1.11,0.2,-0.78,-0.58,1,0.901960784,0.752941176
R2IV,2.8,7.17E+00,3.53E+00,5102,0.89,3,-0.39,2.61,1,0.917647059,0.82745098
R2V,0.8,6.54E-01,1.07E+00,5102,0.89,5.6,-0.39,5.21,1,0.933333333,0.866666667
R2VI,0.7,1.80E-01,5.60E-01,5102,0.89,7,-0.39,6.61,1,0.921568627,0.847058824
R3Ia0,13.3,9.32E+05,1.75E+03,4346,1.15,-9.3,-0.87,-10.17,1,0.921568627,0.847058824
R3Ia,11.2,1.78E+05,7.66E+02,4346,1.15,-7.5,-0.87,-8.37,1,0.870588235,0.690196078
R3Ib,9.1,1.35E+04,2.11E+02,4346,1.15,-4.7,-0.87,-5.57,1,0.870588235,0.690196078
R3II,7,1.78E+03,7.66E+01,4346,1.15,-2.5,-0.87,-3.37,1,0.870588235,0.690196078
R3III,5,1.62E+02,2.31E+01,4346,1.15,0.1,-0.87,-0.77,1,0.890196078,0.721568627
R3IV,2.9,7.26E+00,3.90E+00,4873,0.97,3.1,-0.5,2.6,1,0.901960784,0.780392157
R3V,0.8,5.50E-01,1.07E+00,4873,0.97,5.9,-0.5,5.4,1,0.917647059,0.831372549
R3VI,0.6,1.52E-01,5.63E-01,4873,0.97,7.3,-0.5,6.8,1,0.91372549,0.819607843
R4Ia0,13.7,1.02E+06,1.93E+03,4238,1.19,-9.3,-0.97,-10.27,1,0.91372549,0.819607843
R4Ia,11.5,1.95E+05,8.44E+02,4238,1.19,-7.5,-0.97,-8.47,1,0.858823529,0.670588235
R4Ib,9.4,1.62E+04,2.43E+02,4238,1.19,-4.8,-0.97,-5.77,1,0.858823529,0.670588235
R4II,7.2,1.95E+03,8.44E+01,4238,1.19,-2.5,-0.97,-3.47,1,0.858823529,0.670588235
R4III,5.1,1.95E+02,2.67E+01,4238,1.19,0,-0.97,-0.97,1,0.874509804,0.68627451
R4IV,2.9,8.25E+00,4.57E+00,4644,1.04,3.1,-0.64,2.46,1,0.882352941,0.737254902
R4V,0.8,5.21E-01,1.15E+00,4644,1.04,6.1,-0.64,5.46,1,0.905882353,0.796078431
R4VI,0.6,1.19E-01,5.50E-01,4644,1.04,7.7,-0.64,7.06,1,0.901960784,0.796078431
R5Ia0,14.1,1.13E+06,2.14E+03,4130,1.23,-9.3,-1.08,-10.38,1,0.901960784,0.796078431
R5Ia,11.9,1.97E+05,8.93E+02,4130,1.23,-7.4,-1.08,-8.48,1,0.847058824,0.647058824
R5Ib,9.6,2.16E+04,2.96E+02,4130,1.23,-5,-1.08,-6.08,1,0.847058824,0.647058824
R5II,7.4,2.16E+03,9.35E+01,4130,1.23,-2.5,-1.08,-3.58,1,0.847058824,0.647058824
R5III,5.2,2.59E+02,3.24E+01,4130,1.23,-0.2,-1.08,-1.28,1,0.862745098,0.654901961
R5IV,2.9,9.67E+00,5.47E+00,4416,1.12,3.1,-0.81,2.29,1,0.866666667,0.694117647
R5V,0.7,4.63E-01,1.20E+00,4416,1.12,6.4,-0.81,5.59,1,0.890196078,0.760784314
R5VI,0.5,8.81E-02,5.23E-01,4416,1.12,8.2,-0.81,7.39,1,0.890196078,0.768627451
R6Ia0,14.5,1.26E+06,2.39E+03,4023,1.27,-9.3,-1.2,-10.5,1,0.890196078,0.768627451
R6Ia,12.2,2.20E+05,9.95E+02,4023,1.27,-7.4,-1.2,-8.6,1,0.835294118,0.62745098
R6Ib,9.9,3.18E+04,3.78E+02,4023,1.27,-5.3,-1.2,-6.5,1,0.835294118,0.62745098
R6II,7.6,2.41E+03,1.04E+02,4023,1.27,-2.5,-1.2,-3.7,1,0.835294118,0.62745098
R6III,5.3,3.18E+02,3.78E+01,4023,1.27,-0.3,-1.2,-1.5,1,0.850980392,0.619607843
R6IV,3,1.17E+01,6.71E+00,4187,1.21,3.1,-1.02,2.08,1,0.847058824,0.650980392
R6V,0.7,4.26E-01,1.28E+00,4187,1.21,6.7,-1.02,5.68,1,0.878431373,0.729411765
R6VI,0.4,6.76E-02,5.09E-01,4187,1.21,8.7,-1.02,7.68,1,0.858823529,0.71372549
R7Ia0,15,1.43E+06,2.68E+03,3915,1.32,-9.3,-1.34,-10.64,1,0.858823529,0.71372549
R7Ia,12.6,2.27E+05,1.07E+03,3915,1.32,-7.3,-1.34,-8.64,1,0.823529412,0.603921569
R7Ib,10.2,3.94E+04,4.45E+02,3915,1.32,-5.4,-1.34,-6.74,1,0.823529412,0.603921569
R7II,7.8,2.99E+03,1.22E+02,3915,1.32,-2.6,-1.34,-3.94,1,0.823529412,0.603921569
R7III,5.4,3.94E+02,4.45E+01,3915,1.32,-0.4,-1.34,-1.74,1,0.835294118,0.588235294
R7IV,3,1.36E+01,8.08E+00,3958,1.3,3.2,-1.28,1.92,1,0.831372549,0.603921569
R7V,0.6,2.59E-01,1.12E+00,3958,1.3,7.5,-1.28,6.22,1,0.862745098,0.694117647
R7VI,0.4,4.50E-02,4.65E-01,3958,1.3,9.4,-1.28,8.12,1,0.82745098,0.658823529
R8Ia0,15.4,1.64E+06,3.03E+03,3808,1.36,-9.3,-1.48,-10.78,1,0.82745098,0.658823529
R8Ia,12.9,2.59E+05,1.21E+03,3808,1.36,-7.3,-1.48,-8.78,1,0.811764706,0.584313725
R8Ib,10.4,4.50E+04,5.03E+02,3808,1.36,-5.4,-1.48,-6.88,1,0.811764706,0.584313725
R8II,8,3.42E+03,1.38E+02,3808,1.36,-2.6,-1.48,-4.08,1,0.811764706,0.584313725
R8III,5.5,5.41E+02,5.51E+01,3808,1.36,-0.6,-1.48,-2.08,1,0.823529412,0.552941176
R8IV,3,1.82E+01,1.05E+01,3729,1.39,3.2,-1.6,1.6,1,0.811764706,0.560784314
R8V,0.6,1.82E-01,1.05E+00,3729,1.39,8.2,-1.6,6.6,1,0.847058824,0.658823529
R8VI,0.3,3.80E-02,4.82E-01,3729,1.39,9.9,-1.6,8.3,1,0.796078431,0.6
R9Ia0,15.8,1.90E+06,3.46E+03,3700,1.41,-9.3,-1.65,-10.95,1,0.796078431,0.6
R9Ia,13.3,2.74E+05,1.31E+03,3700,1.41,-7.2,-1.65,-8.85,1,0.8,0.560784314
R9Ib,10.7,5.73E+04,6.00E+02,3700,1.41,-5.5,-1.65,-7.15,1,0.8,0.560784314
R9II,8.2,3.96E+03,1.58E+02,3700,1.41,-2.6,-1.65,-4.25,1,0.8,0.560784314
R9III,5.6,6.89E+02,6.58E+01,3700,1.41,-0.7,-1.65,-2.35,1,0.811764706,0.521568627
R9IV,3.1,2.60E+01,1.43E+01,3500,1.49,3.2,-1.99,1.21,1,0.796078431,0.517647059
R9V,0.5,1.25E-01,9.90E-01,3500,1.49,9,-1.99,7.01,1,0.835294118,0.62745098
R9VI,0.2,3.76E-02,5.44E-01,3500,1.49,10.3,-1.99,8.31,1,0.764705882,0.545098039
C0Ia0,12,8.13E+05,1.42E+03,4669,1.03,-9.4,-0.62,-10.02,1,0.764705882,0.545098039
C0Ia,10.2,1.70E+05,6.49E+02,4669,1.03,-7.7,-0.62,-8.32,1,0.905882353,0.756862745
C0Ib,8.3,9.77E+03,1.56E+02,4669,1.03,-4.6,-0.62,-5.22,1,0.905882353,0.756862745
C0II,6.5,1.29E+03,5.65E+01,4669,1.03,-2.4,-0.62,-3.02,1,0.905882353,0.756862745
C0III,4.6,8.91E+01,1.49E+01,4669,1.03,0.5,-0.62,-0.12,1,0.929411765,0.819607843
C0IV,2.8,6.20E+00,2.76E+00,5560,0.75,3,-0.23,2.77,1,0.952941176,0.91372549
C0V,0.9,9.82E-01,1.10E+00,5560,0.75,5,-0.23,4.77,1,0.960784314,0.933333333
C0VI,0.8,2.97E-01,6.05E-01,5560,0.75,6.3,-0.23,6.07,1,0.945098039,0.898039216
C1Ia0,12.7,1.10E+06,1.88E+03,4371,1.14,-9.5,-0.85,-10.35,1,0.945098039,0.898039216
C1Ia,10.8,1.91E+05,7.85E+02,4371,1.14,-7.6,-0.85,-8.45,1,0.870588235,0.674509804
C1Ib,8.8,1.20E+04,1.97E+02,4371,1.14,-4.6,-0.85,-5.45,1,0.870588235,0.674509804
C1II,6.8,1.59E+03,7.16E+01,4371,1.14,-2.4,-0.85,-3.25,1,0.870588235,0.674509804
C1III,4.8,1.32E+02,2.06E+01,4371,1.14,0.3,-0.85,-0.55,1,0.909803922,0.768627451
C1IV,2.8,7.00E+00,3.41E+00,5164,0.87,3,-0.36,2.64,1,0.949019608,0.878431373
C1V,0.8,6.39E-01,1.03E+00,5164,0.87,5.6,-0.36,5.24,1,0.945098039,0.894117647
C1VI,0.7,1.76E-01,5.40E-01,5164,0.87,7,-0.36,6.64,1,0.921568627,0.854901961
C2Ia0,13.5,1.31E+06,2.37E+03,4073,1.25,-9.4,-1.15,-10.55,1,0.921568627,0.854901961
C2Ia,11.4,2.28E+05,9.89E+02,4073,1.25,-7.5,-1.15,-8.65,1,0.839215686,0.588235294
C2Ib,9.2,1.73E+04,2.72E+02,4073,1.25,-4.7,-1.15,-5.85,1,0.839215686,0.588235294
C2II,7.1,2.28E+03,9.89E+01,4073,1.25,-2.5,-1.15,-3.65,1,0.839215686,0.588235294
C2III,5,2.08E+02,2.99E+01,4073,1.25,0.1,-1.15,-1.05,1,0.88627451,0.717647059
C2IV,2.9,7.67E+00,4.18E+00,4769,1,3.1,-0.56,2.54,1,0.945098039,0.843137255
C2V,0.8,2.78E-01,7.97E-01,4769,1,6.7,-0.56,6.14,1,0.925490196,0.854901961
C2VI,0.7,1.33E-01,5.51E-01,4769,1,7.5,-0.56,6.94,1,0.894117647,0.811764706
C3Ia0,14.2,1.71E+06,3.15E+03,3776,1.37,-9.3,-1.53,-10.83,1,0.894117647,0.811764706
C3Ia,12,2.97E+05,1.31E+03,3776,1.37,-7.4,-1.53,-8.93,1,0.807843137,0.505882353
C3Ib,9.7,2.47E+04,3.78E+02,3776,1.37,-4.7,-1.53,-6.23,1,0.807843137,0.505882353
C3II,7.4,3.57E+03,1.44E+02,3776,1.37,-2.6,-1.53,-4.13,1,0.807843137,0.505882353
C3III,5.2,3.57E+02,4.55E+01,3776,1.37,-0.1,-1.53,-1.63,1,0.866666667,0.666666667
C3IV,2.9,1.00E+01,5.68E+00,4373,1.14,3.1,-0.85,2.25,1,0.941176471,0.811764706
C3V,0.7,1.20E-01,6.23E-01,4373,1.14,7.9,-0.85,7.05,1,0.909803922,0.819607843
C3VI,0.6,9.12E-02,5.42E-01,4373,1.14,8.2,-0.85,7.35,1,0.870588235,0.768627451
C4Ia0,15,2.71E+06,4.67E+03,3478,1.5,-9.3,-2.03,-11.33,1,0.870588235,0.768627451
C4Ia,12.6,4.29E+05,1.86E+03,3478,1.5,-7.3,-2.03,-9.33,1,0.776470588,0.419607843
C4Ib,10.2,4.29E+04,5.88E+02,3478,1.5,-4.8,-2.03,-6.83,1,0.776470588,0.419607843
C4II,7.8,6.20E+03,2.23E+02,3478,1.5,-2.7,-2.03,-4.73,1,0.776470588,0.419607843
C4III,5.4,6.80E+02,7.40E+01,3478,1.5,-0.3,-2.03,-2.33,1,0.847058824,0.615686275
C4IV,3,1.46E+01,8.28E+00,3978,1.29,3.1,-1.26,1.84,1,0.937254902,0.776470588
C4V,0.6,6.36E-02,5.47E-01,3978,1.29,9,-1.26,7.74,1,0.890196078,0.780392157
C4VI,0.5,6.36E-02,5.47E-01,3978,1.29,9,-1.26,7.74,1,0.843137255,0.725490196
C5Ia0,15.7,4.94E+06,7.55E+03,3180,1.65,-9.3,-2.68,-11.98,1,0.843137255,0.725490196
C5Ia,13.2,7.83E+05,3.00E+03,3180,1.65,-7.3,-2.68,-9.98,1,0.745098039,0.337254902
C5Ib,10.6,9.41E+04,1.04E+03,3180,1.65,-5,-2.68,-7.68,1,0.745098039,0.337254902
C5II,8.1,1.13E+04,3.61E+02,3180,1.65,-2.7,-2.68,-5.38,1,0.745098039,0.337254902
C5III,5.5,1.49E+03,1.31E+02,3180,1.65,-0.5,-2.68,-3.18,1,0.82745098,0.560784314
C5IV,3,2.27E+01,1.28E+01,3582,1.46,3.2,-1.84,1.36,1,0.929411765,0.741176471
C5V,0.5,5.20E-03,1.93E-01,3582,1.46,12.3,-1.84,10.46,1,0.874509804,0.741176471
C5VI,0.4,3.28E-02,4.85E-01,3582,1.46,10.3,-1.84,8.46,1,0.819607843,0.682352941
C6Ia0,14.8,1.09E+07,1.36E+04,2883,1.8,-9.3,-3.54,-12.84,1,0.819607843,0.682352941
C6Ia,12.4,1.57E+06,5.18E+03,2883,1.8,-7.2,-3.54,-10.74,1,0.71372549,0.250980392
C6Ib,10,2.73E+05,2.16E+03,2883,1.8,-5.3,-3.54,-8.84,1,0.71372549,0.250980392
C6II,7.6,2.73E+04,6.83E+02,2883,1.8,-2.8,-3.54,-6.34,1,0.71372549,0.250980392
C6III,5.2,3.95E+03,2.60E+02,2883,1.8,-0.7,-3.54,-4.24,1,0.803921569,0.509803922
C6IV,2.8,4.86E+01,2.36E+01,3187,1.64,3.2,-2.67,0.53,1,0.925490196,0.705882353
C6V,0.4,1.34E-03,1.24E-01,3187,1.64,14.6,-2.67,11.93,1,0.854901961,0.701960784
C6VI,0.3,3.07E-03,1.87E-01,3187,1.64,13.7,-2.67,11.03,1,0.807843137,0.619607843
C7Ia0,13.9,2.85E+07,2.74E+04,2585,1.98,-9.2,-4.69,-13.89,1,0.807843137,0.619607843
C7Ia,11.6,4.12E+06,1.04E+04,2585,1.98,-7.1,-4.69,-11.79,1,0.678431373,0.168627451
C7Ib,9.3,8.61E+05,4.77E+03,2585,1.98,-5.4,-4.69,-10.09,1,0.678431373,0.168627451
C7II,7.1,8.61E+04,1.51E+03,2585,1.98,-2.9,-4.69,-7.59,1,0.678431373,0.168627451
C7III,4.8,9.44E+03,4.99E+02,2585,1.98,-0.5,-4.69,-5.19,1,0.784313725,0.458823529
C7IV,2.5,1.46E+02,5.33E+01,2791,1.86,3.2,-3.86,-0.66,1,0.921568627,0.674509804
C7V,0.3,5.30E-04,1.01E-01,2791,1.86,16.8,-3.86,12.94,1,0.839215686,0.666666667
C7VI,0.3,5.30E-04,1.01E-01,2791,1.86,16.8,-3.86,12.94,1,0.8,0.552941176
C8Ia0,12.9,1.08E+08,6.82E+04,2288,2.17,-9.1,-6.23,-15.33,1,0.8,0.552941176
C8Ia,10.8,1.56E+07,2.59E+04,2288,2.17,-7,-6.23,-13.23,1,0.647058824,0.082352941
C8Ib,8.7,3.26E+06,1.18E+04,2288,2.17,-5.3,-6.23,-11.53,1,0.647058824,0.082352941
C8II,6.6,3.58E+05,3.92E+03,2288,2.17,-2.9,-6.23,-9.13,1,0.647058824,0.082352941
C8III,4.4,2.97E+04,1.13E+03,2288,2.17,-0.2,-6.23,-6.43,1,0.764705882,0.407843137
C8IV,2.3,6.70E+02,1.55E+02,2396,2.1,3.3,-5.61,-2.31,1,0.917647059,0.639215686
C8V,0.2,9.68E-04,1.86E-01,2396,2.1,17.9,-5.61,12.29,1,0.819607843,0.62745098
C8VI,0.2,6.70E-04,1.55E-01,2396,2.1,18.3,-5.61,12.69,1,0.788235294,0.490196078
C9Ia0,12,7.11E+08,2.31E+05,1990,2.4,-9,-8.38,-17.38,1,0.788235294,0.490196078
C9Ia,10,1.03E+08,8.79E+04,1990,2.4,-6.9,-8.38,-15.28,1,0.615686275,0
C9Ib,8,2.15E+07,4.02E+04,1990,2.4,-5.2,-8.38,-13.58,1,0.615686275,0
C9II,6,2.83E+06,1.46E+04,1990,2.4,-3,-8.38,-11.38,1,0.615686275,0
C9III,4.1,1.79E+05,3.67E+03,1990,2.4,0,-8.38,-8.38,1,0.745098039,0.356862745
C9IV,2.1,7.91E+03,7.64E+02,2000,2.39,3.3,-8.3,-5,1,0.91372549,0.603921569
C9V,0.1,4.15E-03,5.53E-01,2000,2.39,19,-8.3,10.7,1,0.803921569,0.588235294
C9VI,0.1,4.15E-03,5.53E-01,2000,2.39,19,-8.3,10.7,1,0.776470588,0.423529412
S0Ia0,15.8,1.90E+06,3.46E+03,3700,1.41,-9.3,-1.65,-10.95,1,0.776470588,0.423529412
S0Ia,13.3,2.74E+05,1.31E+03,3700,1.41,-7.2,-1.65,-8.85,1,0.8,0.560784314
S0Ib,10.7,5.73E+04,6.00E+02,3700,1.41,-5.5,-1.65,-7.15,1,0.8,0.560784314
S0II,8.2,3.96E+03,1.58E+02,3700,1.41,-2.6,-1.65,-4.25,1,0.8,0.560784314
S0III,5.6,6.89E+02,6.58E+01,3700,1.41,-0.7,-1.65,-2.35,1,0.811764706,0.521568627
S0IV,3.1,2.60E+01,1.43E+01,3500,1.49,3.2,-1.99,1.21,1,0.796078431,0.517647059
S0V,0.5,1.25E-01,9.90E-01,3500,1.49,9,-1.99,7.01,1,0.835294118,0.62745098
S0VI,0.2,3.76E-02,5.44E-01,3500,1.49,10.3,-1.99,8.31,1,0.764705882,0.545098039
S1Ia0,15.1,2.56E+06,4.46E+03,3510,1.49,-9.3,-1.97,-11.27,1,0.764705882,0.545098039
S1Ia,12.7,3.37E+05,1.62E+03,3510,1.49,-7.1,-1.97,-9.07,1,0.792156863,0.541176471
S1Ib,10.2,7.73E+04,7.75E+02,3510,1.49,-5.5,-1.97,-7.47,1,0.792156863,0.541176471
S1II,7.8,5.86E+03,2.13E+02,3510,1.49,-2.7,-1.97,-4.67,1,0.792156863,0.541176471
S1III,5.3,9.29E+02,8.50E+01,3510,1.49,-0.7,-1.97,-2.67,1,0.803921569,0.501960784
S1IV,2.9,3.55E+01,1.84E+01,3333,1.57,3.2,-2.33,0.87,1,0.784313725,0.474509804
S1V,0.5,6.18E-02,7.68E-01,3333,1.57,10.1,-2.33,7.77,1,0.831372549,0.623529412
S1VI,0.2,1.86E-02,4.22E-01,3333,1.57,11.4,-2.33,9.07,1,0.8,0.556862745
S2Ia0,14.5,3.65E+06,5.95E+03,3320,1.58,-9.3,-2.36,-11.66,1,0.8,0.556862745
S2Ia,12.1,4.81E+05,2.16E+03,3320,1.58,-7.1,-2.36,-9.46,1,0.756862745,0.407843137
S2Ib,9.8,1.10E+05,1.03E+03,3320,1.58,-5.5,-2.36,-7.86,1,0.756862745,0.407843137
S2II,7.4,8.36E+03,2.85E+02,3320,1.58,-2.7,-2.36,-5.06,1,0.756862745,0.407843137
S2III,5.1,1.21E+03,1.08E+02,3320,1.58,-0.6,-2.36,-2.96,1,0.796078431,0.48627451
S2IV,2.7,5.09E+01,2.44E+01,3167,1.65,3.2,-2.72,0.48,1,0.776470588,0.462745098
S2V,0.4,3.21E-02,6.14E-01,3167,1.65,11.2,-2.72,8.48,1,0.82745098,0.615686275
S2VI,0.2,8.85E-03,3.22E-01,3167,1.65,12.6,-2.72,9.88,1,0.768627451,0.51372549
S3Ia0,13.8,5.07E+06,7.89E+03,3130,1.67,-9.2,-2.81,-12.01,1,0.768627451,0.51372549
S3Ia,11.6,7.33E+05,3.00E+03,3130,1.67,-7.1,-2.81,-9.91,1,0.752941176,0.462745098
S3Ib,9.3,1.68E+05,1.44E+03,3130,1.67,-5.5,-2.81,-8.31,1,0.752941176,0.462745098
S3II,7.1,1.40E+04,4.14E+02,3130,1.67,-2.8,-2.81,-5.61,1,0.752941176,0.462745098
S3III,4.8,1.84E+03,1.50E+02,3130,1.67,-0.6,-2.81,-3.41,1,0.788235294,0.466666667
S3IV,2.6,7.76E+01,3.36E+01,3000,1.74,3.2,-3.18,0.02,1,0.784313725,0.466666667
S3V,0.3,1.78E-02,5.09E-01,3000,1.74,12.3,-3.18,9.12,1,0.823529412,0.611764706
S3VI,0.2,4.90E-03,2.67E-01,3000,1.74,13.7,-3.18,10.52,1,0.807843137,0.505882353
S4Ia0,13.2,8.38E+06,1.15E+04,2940,1.77,-9.2,-3.36,-12.56,1,0.807843137,0.505882353
S4Ia,11,1.10E+06,4.18E+03,2940,1.77,-7,-3.36,-10.36,1,0.725490196,0.407843137
S4Ib,8.9,2.77E+05,2.09E+03,2940,1.77,-5.5,-3.36,-8.86,1,0.725490196,0.407843137
S4II,6.7,2.31E+04,6.04E+02,2940,1.77,-2.8,-3.36,-6.16,1,0.725490196,0.407843137
S4III,4.6,2.77E+03,2.09E+02,2940,1.77,-0.5,-3.36,-3.86,1,0.780392157,0.447058824
S4IV,2.4,1.27E+02,4.83E+01,2833,1.83,3.2,-3.71,-0.51,1,0.807843137,0.498039216
S4V,0.3,1.06E-02,4.40E-01,2833,1.83,13.4,-3.71,9.69,1,0.819607843,0.607843137
S4VI,0.1,2.66E-03,2.21E-01,2833,1.83,14.9,-3.71,11.19,1,0.788235294,0.498039216
S5Ia0,12.5,1.53E+07,1.78E+04,2750,1.88,-9.2,-4.01,-13.21,1,0.788235294,0.498039216
S5Ia,10.5,2.02E+06,6.45E+03,2750,1.88,-7,-4.01,-11.01,1,0.698039216,0.305882353
S5Ib,8.4,5.07E+05,3.23E+03,2750,1.88,-5.5,-4.01,-9.51,1,0.698039216,0.305882353
S5II,6.4,4.62E+04,9.76E+02,2750,1.88,-2.9,-4.01,-6.91,1,0.698039216,0.305882353
S5III,4.3,5.07E+03,3.23E+02,2750,1.88,-0.5,-4.01,-4.51,1,0.77254902,0.431372549
S5IV,2.3,2.07E+02,6.94E+01,2667,1.93,3.3,-4.34,-1.04,1,0.77254902,0.48627451
S5V,0.2,6.24E-03,3.81E-01,2667,1.93,14.6,-4.34,10.26,1,0.819607843,0.603921569
S5VI,0.1,1.72E-03,2.00E-01,2667,1.93,16,-4.34,11.66,1,0.8,0.435294118
S6Ia0,12.4,2.88E+07,2.81E+04,2560,2,-9.1,-4.8,-13.9,1,0.8,0.435294118
S6Ia,10.3,4.17E+06,1.07E+04,2560,2,-7,-4.8,-11.8,1,0.670588235,0.203921569
S6Ib,8.3,9.55E+05,5.12E+03,2560,2,-5.4,-4.8,-10.2,1,0.670588235,0.203921569
S6II,6.3,9.55E+04,1.62E+03,2560,2,-2.9,-4.8,-7.7,1,0.670588235,0.203921569
S6III,4.2,9.55E+03,5.12E+02,2560,2,-0.4,-4.8,-5.2,1,0.764705882,0.411764706
S6IV,2.2,4.10E+02,1.11E+02,2500,2.03,3.3,-5.08,-1.78,1,0.698039216,0.474509804
S6V,0.2,4.50E-03,3.68E-01,2500,2.03,15.7,-5.08,10.62,1,0.815686275,0.6
S6VI,0.1,1.63E-03,2.22E-01,2500,2.03,16.8,-5.08,11.72,1,0.764705882,0.439215686
S7Ia0,12.3,6.96E+07,5.10E+04,2370,2.12,-9.1,-5.76,-14.86,1,0.764705882,0.439215686
S7Ia,10.2,9.18E+06,1.85E+04,2370,2.12,-6.9,-5.76,-12.66,1,0.643137255,0.101960784
S7Ib,8.2,2.10E+06,8.87E+03,2370,2.12,-5.3,-5.76,-11.06,1,0.643137255,0.101960784
S7II,6.2,2.53E+05,3.07E+03,2370,2.12,-3,-5.76,-8.76,1,0.643137255,0.101960784
S7III,4.2,2.10E+04,8.87E+02,2370,2.12,-0.3,-5.76,-6.06,1,0.756862745,0.392156863
S7IV,2.1,9.26E+02,1.92E+02,2333,2.14,3.3,-5.97,-2.67,1,0.647058824,0.380392157
S7V,0.1,3.69E-03,3.83E-01,2333,2.14,16.8,-5.97,10.83,1,0.811764706,0.596078431
S7VI,0.1,1.94E-03,2.78E-01,2333,2.14,17.5,-5.97,11.53,1,0.77254902,0.435294118
S8Ia0,12.1,2.05E+08,1.03E+05,2180,2.25,-9.1,-6.93,-16.03,1,0.77254902,0.435294118
S8Ia,10.1,2.70E+07,3.76E+04,2180,2.25,-6.9,-6.93,-13.83,1,0.615686275,0
S8Ib,8.1,5.15E+06,1.64E+04,2180,2.25,-5.1,-6.93,-12.03,1,0.615686275,0
S8II,6.1,7.44E+05,6.23E+03,2180,2.25,-3,-6.93,-9.93,1,0.615686275,0
S8III,4.1,5.15E+04,1.64E+03,2180,2.25,-0.1,-6.93,-7.03,1,0.752941176,0.376470588
S8IV,2.1,2.44E+03,3.61E+02,2167,2.26,3.3,-7.02,-3.72,1,0.654901961,0.380392157
S8V,0.1,3.53E-03,4.34E-01,2167,2.26,17.9,-7.02,10.88,1,0.807843137,0.592156863
S8VI,0.1,2.44E-03,3.61E-01,2167,2.26,18.3,-7.02,11.28,1,0.776470588,0.42745098
S9Ia0,12,7.11E+08,2.31E+05,1990,2.4,-9,-8.38,-17.38,1,0.776470588,0.42745098
S9Ia,10,1.03E+08,8.79E+04,1990,2.4,-6.9,-8.38,-15.28,1,0.615686275,0
S9Ib,8,1.79E+07,3.67E+04,1990,2.4,-5,-8.38,-13.38,1,0.615686275,0
S9II,6,2.83E+06,1.46E+04,1990,2.4,-3,-8.38,-11.38,1,0.615686275,0
S9III,4.1,1.79E+05,3.67E+03,1990,2.4,0,-8.38,-8.38,1,0.745098039,0.356862745
S9IV,2.1,7.91E+03,7.64E+02,2000,2.39,3.3,-8.3,-5,1,0.91372549,0.603921569
S9V,0.1,4.15E-03,5.53E-01,2000,2.39,19,-8.3,10.7,1,0.803921569,0.588235294
S9VI,0.1,4.15E-03,5.53E-01,2000,2.39,19,-8.3,10.7,1,0.776470588,0.423529412
DA0,1.1,6.91E+00,9.02E-03,100000,-0.37,10.2,-7.55,2.65,1,0.776470588,0.423529412
DA1,0.9,2.65E-01,6.96E-03,50400,-0.35,10.8,-4.61,6.19,0.607843137,0.698039216,1
DA2,0.8,2.55E-02,8.64E-03,25200,-0.27,11.4,-2.67,8.73,0.623529412,0.709803922,1
DA3,0.7,6.02E-03,9.44E-03,16800,-0.2,11.9,-1.6,10.3,0.658823529,0.741176471,1
DA4,0.6,1.82E-03,9.22E-03,12600,-0.13,12.5,-0.9,11.6,0.701960784,0.77254902,1
DA5,0.5,6.93E-04,8.90E-03,10080,-0.07,13.1,-0.45,12.65,0.752941176,0.811764706,1
DA6,0.4,3.15E-04,8.64E-03,8400,0.09,13.7,-0.2,13.5,0.811764706,0.854901961,1
DA7,0.3,1.80E-04,8.89E-03,7200,0.34,14.2,-0.09,14.11,0.878431373,0.901960784,1
DA8,0.2,1.05E-04,8.87E-03,6300,0.55,14.8,-0.1,14.7,0.952941176,0.952941176,1
DA9,0.1,6.73E-05,8.98E-03,5600,0.74,15.4,-0.22,15.18,1,0.968627451,0.960784314
DB0,1.1,6.91E+00,9.02E-03,100000,-0.37,10.2,-7.55,2.65,1,0.937254902,0.882352941
DB1,0.9,2.65E-01,6.96E-03,50400,-0.35,10.8,-4.61,6.19,0.607843137,0.698039216,1
DB2,0.8,2.55E-02,8.64E-03,25200,-0.27,11.4,-2.67,8.73,0.623529412,0.709803922,1
DB3,0.7,6.02E-03,9.44E-03,16800,-0.2,11.9,-1.6,10.3,0.658823529,0.741176471,1
DB4,0.6,1.82E-03,9.22E-03,12600,-0.13,12.5,-0.9,11.6,0.701960784,0.77254902,1
DB5,0.5,6.93E-04,8.90E-03,10080,-0.07,13.1,-0.45,12.65,0.752941176,0.811764706,1
DB6,0.4,3.15E-04,8.64E-03,8400,0.09,13.7,-0.2,13.5,0.811764706,0.854901961,1
DB7,0.3,1.80E-04,8.89E-03,7200,0.34,14.2,-0.09,14.11,0.878431373,0.901960784,1
DB8,0.2,1.05E-04,8.87E-03,6300,0.55,14.8,-0.1,14.7,0.952941176,0.952941176,1
DB9,0.1,6.73E-05,8.98E-03,5600,0.74,15.4,-0.22,15.18,1,0.968627451,0.960784314
DC0,1.1,6.91E+00,9.02E-03,100000,-0.37,10.2,-7.55,2.65,1,0.937254902,0.882352941
DC1,0.9,2.65E-01,6.96E-03,50400,-0.35,10.8,-4.61,6.19,0.607843137,0.698039216,1
DC2,0.8,2.55E-02,8.64E-03,25200,-0.27,11.4,-2.67,8.73,0.623529412,0.709803922,1
DC3,0.7,6.02E-03,9.44E-03,16800,-0.2,11.9,-1.6,10.3,0.658823529,0.741176471,1
DC4,0.6,1.82E-03,9.22E-03,12600,-0.13,12.5,-0.9,11.6,0.701960784,0.77254902,1
DC5,0.5,6.93E-04,8.90E-03,10080,-0.07,13.1,-0.45,12.65,0.752941176,0.811764706,1
DC6,0.4,3.15E-04,8.64E-03,8400,0.09,13.7,-0.2,13.5,0.811764706,0.854901961,1
DC7,0.3,1.80E-04,8.89E-03,7200,0.34,14.2,-0.09,14.11,0.878431373,0.901960784,1
DC8,0.2,1.05E-04,8.87E-03,6300,0.55,14.8,-0.1,14.7,0.952941176,0.952941176,1
DC9,0.1,6.73E-05,8.98E-03,5600,0.74,15.4,-0.22,15.18,1,0.968627451,0.960784314
DO0,1.1,6.91E+00,9.02E-03,100000,-0.37,10.2,-7.55,2.65,1,0.937254902,0.882352941
DO1,0.9,2.65E-01,6.96E-03,50400,-0.35,10.8,-4.61,6.19,0.607843137,0.698039216,1
DO2,0.8,2.55E-02,8.64E-03,25200,-0.27,11.4,-2.67,8.73,0.623529412,0.709803922,1
DO3,0.7,6.02E-03,9.44E-03,16800,-0.2,11.9,-1.6,10.3,0.658823529,0.741176471,1
DO4,0.6,1.82E-03,9.22E-03,12600,-0.13,12.5,-0.9,11.6,0.701960784,0.77254902,1
DO5,0.5,6.93E-04,8.90E-03,10080,-0.07,13.1,-0.45,12.65,0.752941176,0.811764706,1
DO6,0.4,3.15E-04,8.64E-03,8400,0.09,13.7,-0.2,13.5,0.811764706,0.854901961,1
DO7,0.3,1.80E-04,8.89E-03,7200,0.34,14.2,-0.09,14.11,0.878431373,0.901960784,1
DO8,0.2,1.05E-04,8.87E-03,6300,0.55,14.8,-0.1,14.7,0.952941176,0.952941176,1
DO9,0.1,6.73E-05,8.98E-03,5600,0.74,15.4,-0.22,15.18,1,0.968627451,0.960784314
DQ0,1.1,6.91E+00,9.02E-03,100000,-0.37,10.2,-7.55,2.65,1,0.937254902,0.882352941
DQ1,0.9,2.65E-01,6.96E-03,50400,-0.35,10.8,-4.61,6.19,0.607843137,0.698039216,1
DQ2,0.8,2.55E-02,8.64E-03,25200,-0.27,11.4,-2.67,8.73,0.623529412,0.709803922,1
DQ3,0.7,6.02E-03,9.44E-03,16800,-0.2,11.9,-1.6,10.3,0.658823529,0.741176471,1
DQ4,0.6,1.82E-03,9.22E-03,12600,-0.13,12.5,-0.9,11.6,0.701960784,0.77254902,1
DQ5,0.5,6.93E-04,8.90E-03,10080,-0.07,13.1,-0.45,12.65,0.752941176,0.811764706,1
DQ6,0.4,3.15E-04,8.64E-03,8400,0.09,13.7,-0.2,13.5,0.811764706,0.854901961,1
DQ7,0.3,1.80E-04,8.89E-03,7200,0.34,14.2,-0.09,14.11,0.878431373,0.901960784,1
DQ8,0.2,1.05E-04,8.87E-03,6300,0.55,14.8,-0.1,14.7,0.952941176,0.952941176,1
DQ9,0.1,6.73E-05,8.98E-03,5600,0.74,15.4,-0.22,15.18,1,0.968627451,0.960784314
DZ0,1.1,6.91E+00,9.02E-03,100000,-0.37,10.2,-7.55,2.65,1,0.937254902,0.882352941
DZ1,0.9,2.65E-01,6.96E-03,50400,-0.35,10.8,-4.61,6.19,0.607843137,0.698039216,1
DZ2,0.8,2.55E-02,8.64E-03,25200,-0.27,11.4,-2.67,8.73,0.623529412,0.709803922,1
DZ3,0.7,6.02E-03,9.44E-03,16800,-0.2,11.9,-1.6,10.3,0.658823529,0.741176471,1
DZ4,0.6,1.82E-03,9.22E-03,12600,-0.13,12.5,-0.9,11.6,0.701960784,0.77254902,1
DZ5,0.5,6.93E-04,8.90E-03,10080,-0.07,13.1,-0.45,12.65,0.752941176,0.811764706,1
DZ6,0.4,3.15E-04,8.64E-03,8400,0.09,13.7,-0.2,13.5,0.811764706,0.854901961,1
DZ7,0.3,1.80E-04,8.89E-03,7200,0.34,14.2,-0.09,14.11,0.878431373,0.901960784,1
DZ8,0.2,1.05E-04,8.87E-03,6300,0.55,14.8,-0.1,14.7,0.952941176,0.952941176,1
DZ9,0.1,6.73E-05,8.98E-03,5600,0.74,15.4,-0.22,15.18,1,0.968627451,0.960784314
,,,,,,,,,1,0.937254902,0.882352941
